Fecha y Hora de Inicio (dd/MM/aaaa  HH:mm:ss),Fecha y Hora de Finalización (dd/MM/aaaa  HH:mm:ss),"O3 (ug/m3)
Condición Estándar",Velocidad del Viento (m/s),Dirección del viento (Grados),Temperatura 10cm (°C),Precipitación (mm),Presión atmosférica (mm Hg),Humedad Relativa 10m (%),Radiación Solar Global (W/m2)
01/01/2022 12:00:00 AM,01/01/2022 12:59:59 AM,40.208417,0.146154,97.266667,23.607692,0,756.130769,93.948718,0
01/01/2022 01:00:00 AM,01/01/2022 01:59:59 AM,33.181924,0.35,224.278947,22.794737,0,755.611184,94.444737,0
01/01/2022 02:00:00 AM,01/01/2022 02:59:59 AM,22.828762,0.25641,179.684615,22.225641,0,755.292308,95.258974,0
01/01/2022 03:00:00 AM,01/01/2022 03:59:59 AM,18.917338,0.392308,206.848718,22.089744,0,755.3,95.138462,0
01/01/2022 07:00:00 AM,01/01/2022 07:59:59 AM,26.249637,0.251282,79.897436,23.015385,0,756.890385,94.687179,39.076923
01/01/2022 08:00:00 AM,01/01/2022 08:59:59 AM,28.277216,0.436842,148.652632,26.107895,0,757.330263,81.552632,59.073684
01/01/2022 09:00:00 AM,01/01/2022 09:59:59 AM,29.676595,0.446154,120.610256,28.233333,0,757.330769,73.220513,72.923077
01/01/2022 10:00:00 AM,01/01/2022 10:59:59 AM,38.505169,0.584615,170.58718,30.515385,0,757.290385,65.276923,334.58718
01/01/2022 11:00:00 AM,01/01/2022 11:59:59 AM,50.519353,0.9,200.839474,31.642105,0,756.986842,62.360526,533.794737
01/01/2022 12:00:00 PM,01/01/2022 12:59:59 PM,66.59988,1.128947,205.142105,32.231579,0,756.461842,61.536842,741.671053
01/01/2022 01:00:00 PM,01/01/2022 01:59:59 PM,68.796984,1.189744,200.5,32.217949,0,755.803846,60.246154,688.335897
01/01/2022 02:00:00 PM,01/01/2022 02:59:59 PM,71.004738,0.902632,205.902632,32.6,0,755.218421,56.584211,559.760526
01/01/2022 03:00:00 PM,01/01/2022 03:59:59 PM,71.858345,0.865789,205.589744,31.853846,0,754.876923,55.020513,151.820513
01/01/2022 04:00:00 PM,01/01/2022 04:59:59 PM,76.311414,0.697436,207.866667,31.135897,0,754.930769,57.497436,58.538462
01/01/2022 05:00:00 PM,01/01/2022 05:59:59 PM,77.575756,0.360526,140.892105,29.95,0,755.135526,62.884211,24.186842
01/01/2022 06:00:00 PM,01/01/2022 06:59:59 PM,74.12699,0.357895,203.052632,28.184211,0,755.34079,71.478947,0.034211
01/01/2022 07:00:00 PM,01/01/2022 07:59:59 PM,69.408643,0.776923,294.179487,26.933333,0,755.798077,79.171795,0
01/01/2022 08:00:00 PM,01/01/2022 08:59:59 PM,62.1776,0.887179,298.441026,25.802564,0,756.328846,86.017949,0
01/01/2022 09:00:00 PM,01/01/2022 09:59:59 PM,56.980343,0.881579,319.155263,25.610526,0,756.451974,87.934211,0
01/01/2022 10:00:00 PM,01/01/2022 10:59:59 PM,51.631084,0.453846,219.394872,25.025641,0,756.751923,89.848718,0
01/01/2022 11:00:00 PM,01/01/2022 11:59:59 PM,47.132545,0.387179,234.658974,24.215385,0,756.615385,92.379487,0
01/02/2022 12:00:00 AM,01/02/2022 12:59:59 AM,43.971224,0.234211,92.010526,23.813158,0,756.31579,92.423684,0
01/02/2022 01:00:00 AM,01/02/2022 01:59:59 AM,41.558253,0.344737,175.886842,23.118919,0,755.863816,93.510526,0
01/02/2022 02:00:00 AM,01/02/2022 02:59:59 AM,39.617,0.494872,227.461539,22.948718,0,755.444231,93.984615,0
01/02/2022 03:00:00 AM,01/02/2022 03:59:59 AM,38.726788,0.423077,167.9,22.833333,0,755.484615,94.379487,0
01/02/2022 04:00:00 AM,01/02/2022 04:59:59 AM,37.347833,0.539474,224.41579,22.676316,0,755.717763,94.386842,0
01/02/2022 05:00:00 AM,01/02/2022 05:59:59 AM,35.155461,0.510256,224.471795,22.664103,0,755.921154,94.738462,0
01/02/2022 06:00:00 AM,01/02/2022 06:59:59 AM,34.255214,0.174359,131.423077,22.951282,0,738.688462,92.984615,9.012821
01/02/2022 07:00:00 AM,01/02/2022 07:59:59 AM,32.990203,0.356757,232.705405,24.794595,0,757.05,86.872973,39.989189
01/02/2022 08:00:00 AM,01/02/2022 08:59:59 AM,30.599405,0.761538,276.017949,27.566667,0,757.776923,79.787179,60.115385
01/02/2022 09:00:00 AM,01/02/2022 09:59:59 AM,31.21159,0.541026,131.125641,29.821053,0,758.090385,71.941026,82.984615
01/02/2022 10:00:00 AM,01/02/2022 10:59:59 AM,34.607659,0.653846,186.751282,31.661538,0,758.048077,67.630769,338.515385
01/02/2022 11:00:00 AM,01/02/2022 11:59:59 AM,40.545903,1.013158,197.578947,31.592105,0,757.663816,69.302632,538.078947
01/02/2022 12:00:00 PM,01/02/2022 12:59:59 PM,48.544096,1.371795,189.097436,32.112821,0,757.192308,69.828205,751.24359
01/02/2022 01:00:00 PM,01/02/2022 01:59:59 PM,60.032862,1.523077,190.45641,31.848718,0,756.594231,70.817949,695.85641
01/02/2022 02:00:00 PM,01/02/2022 02:59:59 PM,63.352968,1.072973,207.378378,31.775676,0,756.222917,70.967568,573.105405
01/02/2022 03:00:00 PM,01/02/2022 03:59:59 PM,64.914693,0.920513,226.246154,30.512821,0,756.05,72.882051,167.994872
01/02/2022 04:00:00 PM,01/02/2022 04:59:59 PM,70.272463,0.630769,189.374359,29.828205,0,755.998077,71.361538,68.197436
01/02/2022 05:00:00 PM,01/02/2022 05:59:59 PM,73.256801,0.479487,225.605128,29.223077,0,756.221154,70.702564,30.315385
01/02/2022 06:00:00 PM,01/02/2022 06:59:59 PM,74.240038,0.786842,312.992105,27.834211,0,756.669079,75.768421,0.031579
01/02/2022 07:00:00 PM,01/02/2022 07:59:59 PM,71.621254,0.84359,317.941026,26.75641,0,757.207692,82.764103,0
01/02/2022 08:00:00 PM,01/02/2022 08:59:59 PM,66.912445,0.805128,306.651282,25.989744,0,757.757692,87.648718,0
01/02/2022 09:00:00 PM,01/02/2022 09:59:59 PM,60.702819,0.821622,314.048649,25.481081,0,758.15473,90.162162,0
01/02/2022 10:00:00 PM,01/02/2022 10:59:59 PM,55.242416,0.907692,321.453846,25.335897,0,758.311539,90.010256,0
01/02/2022 11:00:00 PM,01/02/2022 11:59:59 PM,51.165923,0.666667,278.779487,24.871795,0,758.248077,91.579487,0
01/03/2022 12:00:00 AM,01/03/2022 12:59:59 AM,48.624405,0.702564,318.069231,24.525641,0,758.040385,92.333333,0
01/03/2022 01:00:00 AM,01/03/2022 01:59:59 AM,45.729091,0.852632,328.692105,24.265789,0,757.677632,93.476316,0
01/03/2022 02:00:00 AM,01/03/2022 02:59:59 AM,42.78237,0.394872,200.535897,24.14359,0,757.378846,93.764103,0
01/03/2022 03:00:00 AM,01/03/2022 03:59:59 AM,41.153018,0.464103,284.864103,23.797436,0,757.284615,94.746154,0
01/03/2022 04:00:00 AM,01/03/2022 04:59:59 AM,40.650456,0.505263,268.989474,23.702632,0,757.369737,94.286842,0
01/03/2022 05:00:00 AM,01/03/2022 05:59:59 AM,40.295073,0.405263,218.523684,22.984211,0,757.657895,95.160526,0
01/03/2022 06:00:00 AM,01/03/2022 06:59:59 AM,39.238359,0.489744,271.497436,22.925641,0,758.048077,94.676923,8.95641
01/03/2022 07:00:00 AM,01/03/2022 07:59:59 AM,37.204024,0.492308,241.879487,24.251282,0,758.680769,91.176923,43.574359
01/03/2022 08:00:00 AM,01/03/2022 08:59:59 AM,34.753372,0.221053,145.652632,26.821053,0,759.191447,83.352632,67.321053
01/03/2022 09:00:00 AM,01/03/2022 09:59:59 AM,34.239844,0.764103,276.238462,28.925641,0,759.215385,71.471795,76.346154
01/03/2022 10:00:00 AM,01/03/2022 10:59:59 AM,35.552988,0.828205,310.369231,31.048718,0,758.967308,62.346154,329.941026
01/03/2022 11:00:00 AM,01/03/2022 11:59:59 AM,38.339213,0.935135,221.27027,33.078378,0,758.493243,57.866667,744.32973
01/03/2022 12:00:00 PM,01/03/2022 12:59:59 PM,42.232864,1.087179,199.182051,32.864103,0,757.855769,61.384615,768.574359
01/03/2022 01:00:00 PM,01/03/2022 01:59:59 PM,45.387707,0.997436,204.310256,33.074359,0,757.040385,60.958974,696.407692
01/03/2022 02:00:00 PM,01/03/2022 02:59:59 PM,50.357351,0.986842,211.2,33.394737,0,756.311842,58.686842,572.41579
01/03/2022 03:00:00 PM,01/03/2022 03:59:59 PM,54.987785,0.784615,215.448718,32.946154,0,755.911539,58.923077,191.071795
01/03/2022 04:00:00 PM,01/03/2022 04:59:59 PM,59.531584,0.746154,247.333333,32.107692,0,755.815385,57.535897,69.246154
01/03/2022 05:00:00 PM,01/03/2022 05:59:59 PM,61.525785,0.656757,269.516216,30.564865,0,756.093243,60.472973,25.886486
01/03/2022 06:00:00 PM,01/03/2022 06:59:59 PM,61.503104,1.489744,316.45641,28.269231,0,756.371154,71.482051,0.053846
01/03/2022 07:00:00 PM,01/03/2022 07:59:59 PM,59.646655,2.092308,313.415385,26.589744,0,756.923077,79.497436,0
01/03/2022 08:00:00 PM,01/03/2022 08:59:59 PM,57.172774,1.968421,314.152632,25.855263,0,757.430921,82.826316,0
01/03/2022 09:00:00 PM,01/03/2022 09:59:59 PM,55.437946,1.325641,337.894872,25.387179,0,757.751923,84.528205,0
01/03/2022 10:00:00 PM,01/03/2022 10:59:59 PM,52.849471,0.551282,189.65641,24.915385,0,757.732692,86.030769,0
01/03/2022 11:00:00 PM,01/03/2022 11:59:59 PM,50.990913,0.610526,300.210526,24.536842,0,757.523684,87.147368,0
01/04/2022 12:00:00 AM,01/04/2022 12:59:59 AM,49.563641,0.85,326.523684,24.121053,0,757.046053,87.744737,0
01/04/2022 01:00:00 AM,01/04/2022 01:59:59 AM,48.835039,0.525641,257.771795,23.733333,0,756.421154,89.289744,0
01/04/2022 02:00:00 AM,01/04/2022 02:59:59 AM,48.648997,0.564103,307.264103,23.471795,0,756.036539,91.571795,0
01/04/2022 03:00:00 AM,01/04/2022 03:59:59 AM,48.548252,0.6,275.476316,23.386842,0,756.059211,92.531579,0
01/04/2022 04:00:00 AM,01/04/2022 04:59:59 AM,48.079745,0.851282,310.874359,23.712821,0,756.363462,90.548718,0
01/04/2022 05:00:00 AM,01/04/2022 05:59:59 AM,47.004118,0.602564,308.566667,23.528205,0,756.682692,90.135897,0
01/04/2022 06:00:00 AM,01/04/2022 06:59:59 AM,45.141221,0.587179,298.897436,22.925641,0,757.1,92.064103,9.974359
01/04/2022 07:00:00 AM,01/04/2022 07:59:59 AM,42.652193,0.932432,329.510811,24.164865,0,757.862838,87.478378,44.448649
01/04/2022 08:00:00 AM,01/04/2022 08:59:59 AM,39.780502,1.048718,318.589744,26.223077,0,758.326923,79.266667,63.089744
01/04/2022 09:00:00 AM,01/04/2022 09:59:59 AM,37.059018,0.602564,272.820513,28.141026,0,758.371154,73.861538,72.638462
01/04/2022 10:00:00 AM,01/04/2022 10:59:59 AM,35.210278,0.634211,171.489474,30.573684,0,758.103947,66.265789,327.302632
01/04/2022 11:00:00 AM,01/04/2022 11:59:59 AM,36.107394,0.923077,194.846154,31.764103,0,757.726923,61.920513,544.525641
01/04/2022 12:00:00 PM,01/04/2022 12:59:59 PM,40.555632,1.34359,203.079487,32.071795,0,757.042308,62.130769,654.523077
01/04/2022 01:00:00 PM,01/04/2022 01:59:59 PM,45.026079,1.010526,217.855263,32.747368,0,756.333553,59.613158,698.634211
01/04/2022 02:00:00 PM,01/04/2022 02:59:59 PM,50.374465,1.378947,209.497368,32.102632,0,755.634868,59.813158,565.581579
01/04/2022 03:00:00 PM,01/04/2022 03:59:59 PM,53.854551,0.9,226.284615,31.787179,0,755.148077,60.484615,174.882051
01/04/2022 04:00:00 PM,01/04/2022 04:59:59 PM,56.59038,1.017949,292.312821,30.702564,0,754.998077,64.24359,74.310256
01/04/2022 05:00:00 PM,01/04/2022 05:59:59 PM,59.106306,1.781579,306.489474,28.071053,0,755.394079,73.681579,28.471053
01/04/2022 06:00:00 PM,01/04/2022 06:59:59 PM,59.967102,2.030769,312.023077,26.605128,0,755.926923,79.953846,0.151282
01/04/2022 07:00:00 PM,01/04/2022 07:59:59 PM,58.332281,2.176923,315.148718,26.215385,0,756.444231,79.425641,0
01/04/2022 08:00:00 PM,01/04/2022 08:59:59 PM,54.263557,1.964103,320.628205,26.005128,0,756.990385,78.276923,0
01/04/2022 09:00:00 PM,01/04/2022 09:59:59 PM,51.326334,1.778378,319.754054,25.527027,0,757.22027,79.672973,0
01/04/2022 10:00:00 PM,01/04/2022 10:59:59 PM,47.75359,1.464103,315.492308,24.753846,0,757.098077,82.671795,0
01/04/2022 11:00:00 PM,01/04/2022 11:59:59 PM,46.447166,1.564103,321.525641,24.64359,0,756.738462,84.207692,0
01/05/2022 12:00:00 AM,01/05/2022 12:59:59 AM,46.268979,1.597368,315.952632,24.136842,0,756.270395,87.423684,0
01/05/2022 01:00:00 AM,01/05/2022 01:59:59 AM,46.546687,0.507692,104.807692,23.6,0,755.803846,89.384615,0
01/05/2022 02:00:00 AM,01/05/2022 02:59:59 AM,47.378385,0.051282,20.987179,22.8,0,755.244231,92.989744,0
01/05/2022 03:00:00 AM,01/05/2022 03:59:59 AM,48.150714,0.015789,0.326316,22.347368,0,736.997368,93.768421,0
01/05/2022 04:00:00 AM,01/05/2022 04:59:59 AM,47.669298,0.05,20.381579,21.868421,0,755.180921,94.865789,0
01/05/2022 05:00:00 AM,01/05/2022 05:59:59 AM,46.062078,0.374359,181.1,21.930769,0,755.459615,94.202564,0
01/05/2022 06:00:00 AM,01/05/2022 06:59:59 AM,43.964987,0.497436,208.207692,21.617949,0,755.905769,94.474359,8.084615
01/05/2022 07:00:00 AM,01/05/2022 07:59:59 AM,41.190466,0.507692,271.153846,22.887179,0,756.555769,91.238462,41.182051
01/05/2022 08:00:00 AM,01/05/2022 08:59:59 AM,37.922213,0.365789,120.926316,25.913158,0,756.982895,78.755263,63.878947
01/05/2022 09:00:00 AM,01/05/2022 09:59:59 AM,35.869057,0.407692,154.866667,28.248718,0,757.036539,71.876923,75.387179
01/05/2022 10:00:00 AM,01/05/2022 10:59:59 AM,35.634277,0.712821,191.7,30.184615,0,756.884615,66.553846,335.558974
01/05/2022 11:00:00 AM,01/05/2022 11:59:59 AM,38.83737,1.283784,195.802703,31.208108,0,756.602027,62.513514,744.118919
01/05/2022 12:00:00 PM,01/05/2022 12:59:59 PM,41.173273,1.392308,189.466667,31.684615,0,755.965385,62.084615,762.18718
01/05/2022 01:00:00 PM,01/05/2022 01:59:59 PM,44.299111,1.371795,195.658974,32.351282,0,755.046154,59.764103,694.079487
01/05/2022 02:00:00 PM,01/05/2022 02:59:59 PM,48.284489,0.689744,258.110256,33.469231,0,754.307692,55.733333,466.612821
01/05/2022 03:00:00 PM,01/05/2022 03:59:59 PM,53.964976,1.247368,303.236842,32.415789,0,753.945395,56.789474,174.023684
01/05/2022 04:00:00 PM,01/05/2022 04:59:59 PM,58.215792,1.312821,301.889744,30.964103,0,754.076923,61.048718,63.602564
01/05/2022 05:00:00 PM,01/05/2022 05:59:59 PM,61.303761,1.713158,312.652632,28.818421,0,734.871711,68.805263,27.060526
01/05/2022 06:00:00 PM,01/05/2022 06:59:59 PM,61.412158,2.22973,314.623684,26.728947,0,754.723026,77.547368,0.086842
01/05/2022 07:00:00 PM,01/05/2022 07:59:59 PM,57.328795,1.925641,315.894872,25.633333,0,755.353846,81.94359,0
01/05/2022 08:00:00 PM,01/05/2022 08:59:59 PM,55.415617,1.931579,313.939474,25.121053,0,755.820395,83.123684,0
01/05/2022 09:00:00 PM,01/05/2022 09:59:59 PM,53.346141,1.571795,317.392308,24.620513,0,756.232692,84.392308,0
01/05/2022 10:00:00 PM,01/05/2022 10:59:59 PM,51.291723,1.787179,313.610256,24.25641,0,756.163462,85.915385,0
01/05/2022 11:00:00 PM,01/05/2022 11:59:59 PM,48.446876,1.578947,315.55,23.863158,0,755.909211,86.65,0
01/06/2022 12:00:00 AM,01/06/2022 12:59:59 AM,47.528306,0.307895,78.839474,23.35,0,755.85,87.502632,0
01/06/2022 01:00:00 AM,01/06/2022 01:59:59 AM,46.708966,0.189744,101.98718,22.446154,0,755.492308,90.074359,0
01/06/2022 02:00:00 AM,01/06/2022 02:59:59 AM,47.028019,0.215385,62.951282,21.684615,0,755,91.502564,0
01/06/2022 03:00:00 AM,01/06/2022 03:59:59 AM,47.52391,0.374359,199.841026,21.238462,0,754.825,92.384615,0
01/06/2022 04:00:00 AM,01/06/2022 04:59:59 AM,46.990153,0.334211,205.423684,21.007895,0,755.119737,92.573684,0
01/06/2022 05:00:00 AM,01/06/2022 05:59:59 AM,45.107181,0.425641,262.666667,20.702564,0,755.469231,92.5,0
01/06/2022 06:00:00 AM,01/06/2022 06:59:59 AM,41.748404,0.430769,258.546154,20.45641,0,755.828846,91.510256,8.589744
01/06/2022 07:00:00 AM,01/06/2022 07:59:59 AM,40.983723,0.373684,165.734211,22.318421,0,756.463816,90.405263,38.944737
01/06/2022 08:00:00 AM,01/06/2022 08:59:59 AM,39.798442,0.336842,125.878947,26.292105,0,757.034211,76.442105,54.210526
01/06/2022 09:00:00 AM,01/06/2022 09:59:59 AM,36.13601,0.641026,221.75641,28.528205,0,757.367308,68.646154,64.546154
01/06/2022 10:00:00 AM,01/06/2022 10:59:59 AM,35.49496,0.571795,162.512821,30.117949,0,757.259615,64.825641,297.746154
01/06/2022 11:00:00 AM,01/06/2022 11:59:59 AM,41.081561,1.138462,203.461539,31.641026,0,756.884615,61.161538,740.784615
01/06/2022 12:00:00 PM,01/06/2022 12:59:59 PM,48.703592,1.057895,198.144737,31.786842,0,756.252632,59.652632,731.994737
01/06/2022 01:00:00 PM,01/06/2022 01:59:59 PM,56.63403,1.210256,191.274359,32.210256,0,755.536539,59.305128,697.238462
01/06/2022 02:00:00 PM,01/06/2022 02:59:59 PM,64.570578,0.958974,195.835897,32.894737,0,754.946154,55.776923,589.876923
01/06/2022 03:00:00 PM,01/06/2022 03:59:59 PM,64.399934,0.686842,249.226316,32.539474,0,754.6875,54.065789,156.11579
01/06/2022 04:00:00 PM,01/06/2022 04:59:59 PM,64.011535,0.560526,232.281579,30.963158,0,754.823684,60.876316,69.513158
01/06/2022 05:00:00 PM,01/06/2022 05:59:59 PM,67.00184,0.946154,260.666667,28.684211,0,755.173077,70.751282,28.15641
01/06/2022 06:00:00 PM,01/06/2022 06:59:59 PM,67.086212,1.5,308.907692,26.494872,0,755.576923,80.669231,0.089744
01/06/2022 07:00:00 PM,01/06/2022 07:59:59 PM,62.975058,1.910256,313.217949,25.605128,0,755.978846,84.905128,0
01/06/2022 08:00:00 PM,01/06/2022 08:59:59 PM,57.763652,2.102632,312.223684,25.023684,0,756.345395,88.271053,0
01/06/2022 09:00:00 PM,01/06/2022 09:59:59 PM,54.248369,1.461538,311.725641,24.35641,0,756.667308,91.05641,0
01/06/2022 10:00:00 PM,01/06/2022 10:59:59 PM,51.622304,0.523077,189.082051,24.038462,0,756.569231,91.682051,0
01/06/2022 11:00:00 PM,01/06/2022 11:59:59 PM,49.485285,0.091892,19.113514,23.462162,0,756.356757,93.118919,0
01/07/2022 12:00:00 AM,01/07/2022 12:59:59 AM,47.793552,0.115385,43.671795,23.094872,0,756.280769,93.576923,0
01/07/2022 01:00:00 AM,01/07/2022 01:59:59 AM,47.356547,0.487179,195.638462,22.528205,0,755.953846,93.602564,0
01/07/2022 02:00:00 AM,01/07/2022 02:59:59 AM,47.347188,0.173684,76.6,22.186842,0,755.577632,94.042105,0
01/07/2022 03:00:00 AM,01/07/2022 03:59:59 AM,46.858486,0.305128,119.892308,21.612821,0,755.492308,94.697436,0
01/07/2022 04:00:00 AM,01/07/2022 04:59:59 AM,45.608088,0.492308,210.689744,21.507692,0,755.782692,94.894872,0
01/07/2022 05:00:00 AM,01/07/2022 05:59:59 AM,42.603324,0.589744,294.420513,21.335897,0,756.286539,94.992308,0
01/07/2022 06:00:00 AM,01/07/2022 06:59:59 AM,39.284835,0.321053,182.544737,21.592105,0,757.211842,95.755263,11.821053
01/07/2022 07:00:00 AM,01/07/2022 07:59:59 AM,38.285537,0.392105,115.239474,23.628947,0,758.04079,93.110526,55.823684
01/07/2022 08:00:00 AM,01/07/2022 08:59:59 AM,36.706647,0.594872,202.223077,25.651282,0,758.588462,86.007692,64.205128
01/07/2022 09:00:00 AM,01/07/2022 09:59:59 AM,33.145959,0.823077,306.266667,27.987179,0,758.634615,74.974359,70.010256
01/07/2022 10:00:00 AM,01/07/2022 10:59:59 AM,31.702392,0.739474,174.634211,30.221053,0,758.358553,63.810526,301.236842
01/07/2022 11:00:00 AM,01/07/2022 11:59:59 AM,35.70004,1.017949,205.48718,32.412821,0,758.105769,59.653846,742.710256
01/07/2022 12:00:00 PM,01/07/2022 12:59:59 PM,43.856114,1.102632,218.476316,31.868421,0,757.458553,62.205263,729.863158
01/07/2022 01:00:00 PM,01/07/2022 01:59:59 PM,52.045481,1.639474,195.078947,31.626316,0,756.939474,62.744737,676.6
01/07/2022 02:00:00 PM,01/07/2022 02:59:59 PM,59.313961,1.307692,188.35641,31.364103,0,756.548077,62.546154,539.564103
01/07/2022 03:00:00 PM,01/07/2022 03:59:59 PM,62.042707,1.117949,202.882051,30.633333,0,756.455769,62.810256,159.784615
01/07/2022 04:00:00 PM,01/07/2022 04:59:59 PM,62.995784,0.6,231.086842,30.413158,0,756.507237,63.010526,65.189474
01/07/2022 05:00:00 PM,01/07/2022 05:59:59 PM,68.089809,0.797436,294.082051,29.158974,0,756.746154,64.971795,27.076923
01/07/2022 06:00:00 PM,01/07/2022 06:59:59 PM,70.868013,1.453846,313.979487,27.274359,0,757.198077,73.294872,0.066667
01/07/2022 07:00:00 PM,01/07/2022 07:59:59 PM,68.320573,1.752632,313.405263,25.923684,0,757.768421,81.731579,0
01/07/2022 08:00:00 PM,01/07/2022 08:59:59 PM,63.269706,1.644737,316.202632,25.365789,0,758.4,83.913158,0
01/07/2022 09:00:00 PM,01/07/2022 09:59:59 PM,59.582912,0.884615,329.333333,24.971795,0,758.792308,86.607692,0
01/07/2022 10:00:00 PM,01/07/2022 10:59:59 PM,57.039872,1.217949,312.751282,24.45641,0,758.675,89.710256,0
01/07/2022 11:00:00 PM,01/07/2022 11:59:59 PM,53.263499,1.386842,311.060526,24.642105,0,758.459211,90.171053,0
01/08/2022 12:00:00 AM,01/08/2022 12:59:59 AM,51.037163,0.771795,278.858974,24.5,0,758.188462,90.576923,0
01/08/2022 01:00:00 AM,01/08/2022 01:59:59 AM,49.312879,0.948718,313.923077,24.241026,0,757.794231,91.246154,0
01/08/2022 02:00:00 AM,01/08/2022 02:59:59 AM,49.346201,0.742105,294.194737,24.418421,0,757.379605,90.189474,0
01/08/2022 03:00:00 AM,01/08/2022 03:59:59 AM,50.808831,0.081579,19.3,23.926316,0,757.217763,91.834211,0
01/08/2022 04:00:00 AM,01/08/2022 04:59:59 AM,52.147083,0.182051,132.679487,23.246154,0,757.261539,93.874359,0
01/08/2022 05:00:00 AM,01/08/2022 05:59:59 AM,52.747156,0.74359,329.415385,23.715385,0,757.546154,92.530769,0.297436
01/08/2022 06:00:00 AM,01/08/2022 06:59:59 AM,53.225804,0.507895,237.060526,23.815789,0,758.194737,91.347368,17.105263
01/08/2022 07:00:00 AM,01/08/2022 07:59:59 AM,50.91204,0.917949,312.561539,25.846154,0,758.890385,83.374359,92.448718
01/08/2022 08:00:00 AM,01/08/2022 08:59:59 AM,47.557102,0.720513,291.110256,27.676923,0,759.453846,75.610256,144.474359
01/08/2022 09:00:00 AM,01/08/2022 09:59:59 AM,45.287466,0.9,230.689474,29.207895,0,759.783553,67.665789,204.3
01/08/2022 10:00:00 AM,01/08/2022 10:59:59 AM,42.911996,1.55,328.921053,30.526316,0,759.639474,61.326316,366.081579
01/08/2022 11:00:00 AM,01/08/2022 11:59:59 AM,43.223173,0.994872,258.966667,32.987179,0,759.3,54.094872,746.692308
01/08/2022 12:00:00 PM,01/08/2022 12:59:59 PM,46.438053,1.225641,193.748718,32.907692,0,758.878846,59.982051,648.176923
01/08/2022 01:00:00 PM,01/08/2022 01:59:59 PM,48.834915,0.955263,217.402632,31.528947,0,758.313158,63.084211,403.757895
01/08/2022 02:00:00 PM,01/08/2022 02:59:59 PM,51.721853,0.769231,211.651282,32.223077,0,757.867308,60.638462,435.748718
01/08/2022 03:00:00 PM,01/08/2022 03:59:59 PM,57.955919,0.666667,249.410256,30.771795,0,757.563462,64.553846,204.017949
01/08/2022 04:00:00 PM,01/08/2022 04:59:59 PM,61.453323,0.907895,277.678947,29.942105,0,757.567105,65.928947,149.31579
01/08/2022 05:00:00 PM,01/08/2022 05:59:59 PM,64.746901,1.057895,295.705263,28.342105,0,757.734868,70.628947,30.668421
01/08/2022 06:00:00 PM,01/08/2022 06:59:59 PM,66.573593,1.566667,315.074359,27.105128,0,757.990385,77.676923,0.128205
01/08/2022 07:00:00 PM,01/08/2022 07:59:59 PM,64.859145,1.582051,313.005128,26.269231,0,758.590385,81.569231,0
01/08/2022 08:00:00 PM,01/08/2022 08:59:59 PM,59.621887,1.871053,313.694737,25.723684,0,759.065132,82.297368,0
01/08/2022 09:00:00 PM,01/08/2022 09:59:59 PM,56.398643,2.017949,315.333333,25.551282,0,759.355769,84.448718,0
01/08/2022 10:00:00 PM,01/08/2022 10:59:59 PM,53.972015,1.974359,311.125641,25.382051,0,759.340385,86.233333,0
01/08/2022 11:00:00 PM,01/08/2022 11:59:59 PM,50.827298,1.231579,327.418421,25.184211,0,759.16579,87.797368,0
01/09/2022 12:00:00 AM,01/09/2022 12:59:59 AM,50.563975,0.726316,331.9,24.342105,0,758.822368,90.823684,0
01/09/2022 01:00:00 AM,01/09/2022 01:59:59 AM,48.876046,0.45641,218.179487,23.807692,0,758.4,91.846154,0
01/09/2022 02:00:00 AM,01/09/2022 02:59:59 AM,47.830579,0.525641,217.807692,23.105128,0,757.955769,93.425641,0
01/09/2022 03:00:00 AM,01/09/2022 03:59:59 AM,46.584721,0.623684,288.392105,22.521053,0,757.876974,94.392105,0
01/09/2022 04:00:00 AM,01/09/2022 04:59:59 AM,45.209248,0.405128,204.802564,22.125641,0,757.888462,95.033333,0
01/09/2022 05:00:00 AM,01/09/2022 05:59:59 AM,42.944154,0.428205,189.402564,22.128205,0,758.130769,94.571795,0
01/09/2022 06:00:00 AM,01/09/2022 06:59:59 AM,39.716565,0.105263,48.652632,21.8,0,758.559868,94.610526,8.089474
01/09/2022 07:00:00 AM,01/09/2022 07:59:59 AM,35.869071,0.381579,223.297368,23.115789,0,759.248684,91.889474,44.181579
01/09/2022 08:00:00 AM,01/09/2022 08:59:59 AM,32.894278,0.3,145.133333,26.207692,0,759.842308,78.030769,63.638462
01/09/2022 09:00:00 AM,01/09/2022 09:59:59 AM,30.38519,0.569231,215.471795,28.807692,0,759.932692,69.094737,75.325641
01/09/2022 10:00:00 AM,01/09/2022 10:59:59 AM,31.56615,0.657895,205.944737,30.792105,0,759.710526,64.992105,323.673684
01/09/2022 11:00:00 AM,01/09/2022 11:59:59 AM,36.130784,1.012821,212.15641,31.223077,0,759.430769,62.576923,698.228205
01/09/2022 12:00:00 PM,01/09/2022 12:59:59 PM,42.17754,1.117949,197.192308,31.697436,0,758.673077,59.371795,710.661539
01/09/2022 01:00:00 PM,01/09/2022 01:59:59 PM,49.575478,1.078378,210.362162,32.432432,0,757.751351,57.359459,682.716216
01/09/2022 02:00:00 PM,01/09/2022 02:59:59 PM,57.62782,1.007692,215.953846,32.661538,0,756.978846,52.812821,573.474359
01/09/2022 03:00:00 PM,01/09/2022 03:59:59 PM,62.538609,0.782051,196.505128,32.397436,0,756.296154,51.412821,158.682051
01/09/2022 04:00:00 PM,01/09/2022 04:59:59 PM,66.773025,0.607895,248.544737,31.360526,0,756.140132,57.589474,64.563158
01/09/2022 05:00:00 PM,01/09/2022 05:59:59 PM,70.494325,0.992308,293.817949,29.358974,0,756.390385,65.520513,33.089744
01/09/2022 06:00:00 PM,01/09/2022 06:59:59 PM,71.163287,1.358974,315.584615,27.389744,0,756.551923,75.084615,0.274359
01/09/2022 07:00:00 PM,01/09/2022 07:59:59 PM,68.540773,1.492105,311.105263,26.271053,0,757.099342,81.3,0
01/09/2022 08:00:00 PM,01/09/2022 08:59:59 PM,65.214182,1.118421,316.081579,25.35,0,757.539474,85.092105,0
01/09/2022 09:00:00 PM,01/09/2022 09:59:59 PM,60.638639,0.576923,280.671795,24.866667,0,757.851923,86.34359,0
01/09/2022 10:00:00 PM,01/09/2022 10:59:59 PM,55.529807,0.538462,246.94359,24.525641,0,757.817308,86.95641,0
01/09/2022 11:00:00 PM,01/09/2022 11:59:59 PM,53.780559,0.342105,166.363158,23.821053,0,757.711184,88.610526,0
01/10/2022 12:00:00 AM,01/10/2022 12:59:59 AM,52.061914,0.35641,146.074359,23.230769,0,757.342308,89.874359,0
01/10/2022 01:00:00 AM,01/10/2022 01:59:59 AM,49.685917,0.305128,92.374359,22.784615,0,756.848077,91.05641,0
01/10/2022 02:00:00 AM,01/10/2022 02:59:59 AM,46.676539,0.584615,246.092308,22.366667,0,756.546154,92.235897,0
01/10/2022 03:00:00 AM,01/10/2022 03:59:59 AM,43.500789,0.072973,40.613514,22.12973,0,756.372973,93.110811,0
01/10/2022 04:00:00 AM,01/10/2022 04:59:59 AM,40.577326,0.323077,186.433333,21.958974,0,756.634615,93.582051,0
01/10/2022 05:00:00 AM,01/10/2022 05:59:59 AM,38.443458,0.325641,198.305128,22.04359,0,756.971154,92.289744,0
01/10/2022 06:00:00 AM,01/10/2022 06:59:59 AM,37.055955,0.425641,240.707692,22.038462,0,757.565385,91.85641,8.253846
01/10/2022 07:00:00 AM,01/10/2022 07:59:59 AM,34.325053,0.523684,307.718421,23.702632,0,758.469079,86.531579,46.502632
01/10/2022 08:00:00 AM,01/10/2022 08:59:59 AM,31.357968,0.682051,243.164103,26.679487,0,759.153846,74.066667,77.289744
01/10/2022 09:00:00 AM,01/10/2022 09:59:59 AM,30.072771,0.528205,259.330769,28.965789,0,759.223077,64.974359,158.194872
01/10/2022 10:00:00 AM,01/10/2022 10:59:59 AM,30.08478,0.457895,180.910526,30.765789,0,759.106579,62.397368,308.478947
01/10/2022 11:00:00 AM,01/10/2022 11:59:59 AM,34.254435,0.707895,194.378947,30.828947,0,758.838158,62.415789,460.139474
01/10/2022 12:00:00 PM,01/10/2022 12:59:59 PM,40.276087,1.071795,209.423077,31.871795,0,758.3,59.046154,741.784615
01/10/2022 01:00:00 PM,01/10/2022 01:59:59 PM,46.104291,1.138462,201.902564,31.515385,0,757.530769,60.297436,609.371795
01/10/2022 02:00:00 PM,01/10/2022 02:59:59 PM,53.131754,0.865789,177.244737,30.931579,0,756.931579,60.75,452.044737
01/10/2022 03:00:00 PM,01/10/2022 03:59:59 PM,59.754759,0.674359,216.089744,30.117949,0,756.551923,62.002564,219.179487
01/10/2022 04:00:00 PM,01/10/2022 04:59:59 PM,65.107356,0.605128,276.264103,29.541026,0,756.630769,64.151282,115.879487
01/10/2022 05:00:00 PM,01/10/2022 05:59:59 PM,70.526608,0.789474,286.144737,28.4,0,756.935526,67.652632,33.584211
01/10/2022 06:00:00 PM,01/10/2022 06:59:59 PM,73.320454,1.460526,308.213158,26.923684,0,757.223684,74.8,0.039474
01/10/2022 07:00:00 PM,01/10/2022 07:59:59 PM,71.994342,2.358974,311.420513,25.782051,0,757.519231,80.197436,0
01/10/2022 08:00:00 PM,01/10/2022 08:59:59 PM,68.917271,2.392308,312.446154,25.374359,0,758.044231,83.282051,0
01/10/2022 09:00:00 PM,01/10/2022 09:59:59 PM,65.701562,2.052632,312.697368,25.228947,0,758.301316,84.631579,0
01/10/2022 10:00:00 PM,01/10/2022 10:59:59 PM,60.447167,1.912821,313.125641,25.084615,0,758.413462,85.779487,0
01/10/2022 11:00:00 PM,01/10/2022 11:59:59 PM,57.382036,1.692308,312.176923,24.923077,0,758.194231,86.520513,0
01/11/2022 12:00:00 AM,01/11/2022 12:59:59 AM,55.556322,1.518919,310.791892,24.710811,0,757.793919,87.997297,0
01/11/2022 01:00:00 AM,01/11/2022 01:59:59 AM,52.932106,1.176923,311.317949,24.505128,0,757.278846,89.725641,0
01/11/2022 02:00:00 AM,01/11/2022 02:59:59 AM,51.739187,1.007692,313.010256,24.053846,0,756.819231,91.948718,0
01/11/2022 03:00:00 AM,01/11/2022 03:59:59 AM,51.748025,0.235897,121.533333,23.820513,0,756.826923,92.969231,0
01/11/2022 04:00:00 AM,01/11/2022 04:59:59 AM,51.202866,0.397368,229.968421,23.707895,0,757.040132,93.234211,0
01/11/2022 05:00:00 AM,01/11/2022 05:59:59 AM,50.159037,0.641026,333.217949,23.489744,0,757.428846,93.174359,0
01/11/2022 06:00:00 AM,01/11/2022 06:59:59 AM,48.734457,0.144737,93.339474,23.192105,0,757.89079,93.297368,10.563158
01/11/2022 07:00:00 AM,01/11/2022 07:59:59 AM,45.933233,0.336842,167.086842,24.221053,0,758.745395,89.842105,72.273684
01/11/2022 08:00:00 AM,01/11/2022 08:59:59 AM,45.109984,1.084615,328.010256,26.2,0,759.248077,81.561538,146.002564
01/11/2022 09:00:00 AM,01/11/2022 09:59:59 AM,40.609933,0.623077,229.628205,27.994872,0,759.375,74.025641,196.405128
01/11/2022 10:00:00 AM,01/11/2022 10:59:59 AM,40.369255,0.768421,200.105263,29.881579,0,759.225,64.892105,360.886842
01/11/2022 11:00:00 AM,01/11/2022 11:59:59 AM,40.33589,0.751282,229.782051,31.594872,0,758.778846,61.269231,578.376923
01/11/2022 12:00:00 PM,01/11/2022 12:59:59 PM,43.28658,0.94359,212.974359,31.748718,0,758.186539,63.823077,612.697436
01/11/2022 01:00:00 PM,01/11/2022 01:59:59 PM,45.422072,1.026316,184.436842,31.328947,0,757.533553,64.765789,549.710526
01/11/2022 02:00:00 PM,01/11/2022 02:59:59 PM,50.482104,0.844737,208.221053,31.505263,0,757.000658,63.497368,501.510526
01/11/2022 03:00:00 PM,01/11/2022 03:59:59 PM,56.217884,0.815385,221.325641,31.933333,0,756.690385,61.569231,194.453846
01/11/2022 04:00:00 PM,01/11/2022 04:59:59 PM,56.091518,0.812821,278.610256,30.838462,0,756.769231,63.541026,72.194872
01/11/2022 05:00:00 PM,01/11/2022 05:59:59 PM,61.785093,1.373684,298.678947,28.736842,0,757.144737,68.139474,21.689474
01/11/2022 06:00:00 PM,01/11/2022 06:59:59 PM,62.522932,1.633333,313.164103,26.694872,0,757.594231,76.582051,0.146154
01/11/2022 07:00:00 PM,01/11/2022 07:59:59 PM,62.26241,1.579487,312.874359,25.976923,0,758.186539,81.394872,0
01/11/2022 08:00:00 PM,01/11/2022 08:59:59 PM,59.559399,1.189189,275.724324,25.221622,0,758.789189,85.045946,0
01/11/2022 09:00:00 PM,01/11/2022 09:59:59 PM,57.963603,0.633333,243.88718,24.710256,0,759.290385,86.910256,0
01/11/2022 10:00:00 PM,01/11/2022 10:59:59 PM,54.269739,0.620513,281.6,24.510256,0,759.284615,86.825641,0
01/11/2022 11:00:00 PM,01/11/2022 11:59:59 PM,50.953599,0.566667,243.371795,24.117949,0,759.196154,88.064103,0
01/12/2022 12:00:00 AM,01/12/2022 12:59:59 AM,50.578628,0.476316,261.089474,23.934211,0,758.686184,89.4,0
01/12/2022 01:00:00 AM,01/12/2022 01:59:59 AM,48.792802,0.087179,32.728205,23.166667,0,758.007692,91.707692,0
01/12/2022 02:00:00 AM,01/12/2022 02:59:59 AM,48.38213,0.063158,46.044737,22.255263,0,757.555263,93.197368,0
01/12/2022 03:00:00 AM,01/12/2022 03:59:59 AM,48.852903,0.260526,140.518421,21.836842,0,757.302632,94.994737,0
01/12/2022 04:00:00 AM,01/12/2022 04:59:59 AM,48.727831,0.415385,163.938462,22.005128,0,757.257692,95.479487,0
01/12/2022 05:00:00 AM,01/12/2022 05:59:59 AM,47.487501,0.651282,305.317949,21.915385,0,757.596154,95.625641,0
01/12/2022 06:00:00 AM,01/12/2022 06:59:59 AM,44.953371,0.607895,192.705263,21.889474,0,758.015132,95.223684,7.507895
01/12/2022 07:00:00 AM,01/12/2022 07:59:59 AM,41.452905,0.44359,265.894872,22.925641,0,758.348077,92.269231,42.238462
01/12/2022 08:00:00 AM,01/12/2022 08:59:59 AM,37.337291,0.694872,298.566667,25.951282,0,758.753846,82.879487,59.528205
01/12/2022 09:00:00 AM,01/12/2022 09:59:59 AM,35.440199,0.928947,243.478947,28.178947,0,759.063158,73.936842,90.773684
01/12/2022 10:00:00 AM,01/12/2022 10:59:59 AM,36.204214,0.531579,139.063158,30.913158,0,758.8875,60.847368,319.602632
01/12/2022 11:00:00 AM,01/12/2022 11:59:59 AM,39.431374,0.694872,145.979487,32.441026,0,758.4,55.651282,516.910256
01/12/2022 12:00:00 PM,01/12/2022 12:59:59 PM,44.639641,1.394872,201.110256,30.771795,0,757.694231,66.997436,534.615385
01/12/2022 01:00:00 PM,01/12/2022 01:59:59 PM,49.956171,1.257895,211.8,31.615789,0,757.030263,64.965789,702.028947
01/12/2022 02:00:00 PM,01/12/2022 02:59:59 PM,57.350955,1.346154,207.974359,30.833333,0,756.617308,68.017949,581.741026
01/12/2022 03:00:00 PM,01/12/2022 03:59:59 PM,64.726481,0.948718,223.094872,29.823077,0,756.686539,68.879487,200.325641
01/12/2022 04:00:00 PM,01/12/2022 04:59:59 PM,71.921086,0.654054,191.75946,29.308108,0,756.711487,67.502703,73.886486
01/12/2022 05:00:00 PM,01/12/2022 05:59:59 PM,73.949089,0.964103,295.184615,28.253846,0,757.117308,69.897436,29.484615
01/12/2022 06:00:00 PM,01/12/2022 06:59:59 PM,72.446536,1.407692,311.88718,26.546154,0,757.751923,77.005128,0.269231
01/12/2022 07:00:00 PM,01/12/2022 07:59:59 PM,68.021804,1.869231,310.997436,25.610256,0,758.328846,82.625641,0
01/12/2022 08:00:00 PM,01/12/2022 08:59:59 PM,62.88341,1.707895,313.013158,25.25,0,758.8875,84.568421,0
01/12/2022 09:00:00 PM,01/12/2022 09:59:59 PM,58.851889,1.341026,319.202564,24.792308,0,759.294231,86.097436,0
01/12/2022 10:00:00 PM,01/12/2022 10:59:59 PM,53.942607,1.323077,313.269231,24.35641,0,759.130769,87.94359,0
01/12/2022 11:00:00 PM,01/12/2022 11:59:59 PM,50.236925,1.307895,312.805263,24.410526,0,758.846053,88.218421,0
01/13/2022 12:00:00 AM,01/13/2022 12:59:59 AM,47.418007,1.057895,312.376316,23.918421,0,758.670395,90.25,0
01/13/2022 01:00:00 AM,01/13/2022 01:59:59 AM,47.522739,1.015385,310.902564,23.928205,0,758.138462,91.064103,0
01/13/2022 02:00:00 AM,01/13/2022 02:59:59 AM,48.622042,1.151282,313.366667,23.864103,0,757.840385,91.379487,0
01/13/2022 03:00:00 AM,01/13/2022 03:59:59 AM,50.029192,0.968421,311.386842,23.847368,0,757.805921,91.492105,0
01/13/2022 04:00:00 AM,01/13/2022 04:59:59 AM,50.995697,1.223077,311.848718,24.510256,0,758.007692,87.479487,0
01/13/2022 05:00:00 AM,01/13/2022 05:59:59 AM,51.943834,0.774359,312.241026,24.112821,0,758.248077,88.45641,0
01/13/2022 06:00:00 AM,01/13/2022 06:59:59 AM,52.78313,0.323684,234.207895,24.052632,0,758.786842,89.131579,10.144737
01/13/2022 07:00:00 AM,01/13/2022 07:59:59 AM,52.910708,0.426316,237.307895,24.765789,0,759.3,86.781579,72.463158
01/13/2022 08:00:00 AM,01/13/2022 08:59:59 AM,52.01436,1.464103,320.402564,26.307692,0,759.875,81.551282,105.374359
01/13/2022 09:00:00 AM,01/13/2022 09:59:59 AM,51.294943,1.458974,335.158974,27.879487,0,760.025,75.553846,127.076923
01/13/2022 10:00:00 AM,01/13/2022 10:59:59 AM,50.94938,0.773684,262.384211,29.792105,0,759.828947,67.560526,328.934211
01/13/2022 11:00:00 AM,01/13/2022 11:59:59 AM,51.66486,1.161538,231.451282,30.861538,0,759.369231,65.312821,645.528205
01/13/2022 12:00:00 PM,01/13/2022 12:59:59 PM,52.146344,1.092308,222.08718,30.805128,0,758.834615,66.971795,596.533333
01/13/2022 01:00:00 PM,01/13/2022 01:59:59 PM,52.486797,0.973684,260.363158,31.428947,0,758.314865,63.760526,706.657895
01/13/2022 02:00:00 PM,01/13/2022 02:59:59 PM,52.927109,0.831579,269.521053,30.963158,0,757.81579,64.307895,586.244737
01/13/2022 03:00:00 PM,01/13/2022 03:59:59 PM,54.635645,0.905128,265.048718,29.858974,0,757.569231,67.758974,261.982051
01/13/2022 04:00:00 PM,01/13/2022 04:59:59 PM,56.547064,0.926316,276.213158,28.407895,0,757.610526,71.286842,103.631579
01/13/2022 05:00:00 PM,01/13/2022 05:59:59 PM,57.854099,1.061538,286.066667,27.005128,0,757.790385,75.6,53.238462
01/13/2022 06:00:00 PM,01/13/2022 06:59:59 PM,58.037103,1.076923,294.933333,26.125641,0,758.042308,78.3,0.325641
01/13/2022 07:00:00 PM,01/13/2022 07:59:59 PM,57.914333,1.244737,301.078947,25.731579,0,758.739474,80.634211,0
01/13/2022 08:00:00 PM,01/13/2022 08:59:59 PM,57.7227,0.989474,303.931579,25.236842,0,759.201316,82.857895,0
01/13/2022 09:00:00 PM,01/13/2022 09:59:59 PM,57.215286,0.953846,312.358974,24.84359,0,759.532692,84.082051,0
01/13/2022 10:00:00 PM,01/13/2022 10:59:59 PM,55.83324,0.774359,314.717949,24.151282,0,759.582692,85.948718,0
01/13/2022 11:00:00 PM,01/13/2022 11:59:59 PM,52.681809,0.676316,280.860526,23.689474,0,759.497368,87.073684,0
01/14/2022 12:00:00 AM,01/14/2022 12:59:59 AM,49.738278,0.494872,264.002564,22.723077,0,759.175,90.930769,0
01/14/2022 01:00:00 AM,01/14/2022 01:59:59 AM,48.420984,0.617949,322.879487,22.751282,0,758.707692,90.541026,0
01/14/2022 02:00:00 AM,01/14/2022 02:59:59 AM,48.243947,0.558974,308.797436,22.094872,0,758.325,91.579487,0
01/14/2022 03:00:00 AM,01/14/2022 03:59:59 AM,47.964313,0.383784,183.378378,21.432432,0,758.175,93.935135,0
01/14/2022 04:00:00 AM,01/14/2022 04:59:59 AM,47.221361,0.158974,108.541026,21.066667,0,758.453846,94.376923,0
01/14/2022 05:00:00 AM,01/14/2022 05:59:59 AM,46.120781,0.441026,208.974359,20.74359,0,758.732692,94.920513,0
01/14/2022 06:00:00 AM,01/14/2022 06:59:59 AM,44.099732,0.564103,296.166667,20.95641,0,759.230769,95.412821,9.071795
01/14/2022 07:00:00 AM,01/14/2022 07:59:59 AM,42.312333,0.441026,247.030769,23.153846,0,759.813462,91.512821,55.782051
01/14/2022 08:00:00 AM,01/14/2022 08:59:59 AM,40.632281,1.233333,306.674359,26.048718,0,760.265385,81.412821,102.402564
01/14/2022 09:00:00 AM,01/14/2022 09:59:59 AM,40.349553,0.947368,297.931579,27.986842,0,760.428947,73.113158,184.055263
01/14/2022 10:00:00 AM,01/14/2022 10:59:59 AM,40.430075,1.94359,325.897436,29.217949,0,760.319231,63.658974,294.948718
01/14/2022 11:00:00 AM,01/14/2022 11:59:59 AM,40.936879,1.320513,313.7,30.835897,0,759.915385,58.453846,688.635897
01/14/2022 12:00:00 PM,01/14/2022 12:59:59 PM,42.11716,0.910256,246.164103,32.482051,0,759.288462,56.925641,786.402564
01/14/2022 01:00:00 PM,01/14/2022 01:59:59 PM,44.712699,1.435897,214.341026,31.05641,0,758.607692,63.387179,716.869231
01/14/2022 02:00:00 PM,01/14/2022 02:59:59 PM,49.418892,0.865789,256.434211,31.15,0,758.175,62.902632,591.726316
01/14/2022 03:00:00 PM,01/14/2022 03:59:59 PM,54.135347,0.934211,256.142105,29.923684,0,757.944079,65.918421,291.936842
01/14/2022 04:00:00 PM,01/14/2022 04:59:59 PM,57.91494,1.051282,279.874359,28.517949,0,757.917308,69.94359,72.184615
01/14/2022 05:00:00 PM,01/14/2022 05:59:59 PM,58.431421,1.717949,304.102564,27.076923,0,758.242308,73.494872,27.364103
01/14/2022 06:00:00 PM,01/14/2022 06:59:59 PM,58.212334,1.7,304.884211,26.042105,0,758.668421,75.868421,0.334211
01/14/2022 07:00:00 PM,01/14/2022 07:59:59 PM,56.353631,1.517949,312.171795,25.535897,0,759.198077,78.782051,0
01/14/2022 08:00:00 PM,01/14/2022 08:59:59 PM,53.920892,1.635897,309.833333,25.258974,0,759.619231,80.402564,0
01/14/2022 09:00:00 PM,01/14/2022 09:59:59 PM,50.701103,1.557895,313.078947,24.689474,0,759.708553,81.918421,0
01/14/2022 10:00:00 PM,01/14/2022 10:59:59 PM,46.985856,1.4,317.710526,24.218421,0,759.655263,83.523684,0
01/14/2022 11:00:00 PM,01/14/2022 11:59:59 PM,44.117808,1.14359,315.274359,23.769231,0,759.432692,86.384615,0
01/15/2022 12:00:00 AM,01/15/2022 12:59:59 AM,42.056931,1.205128,317.066667,23.75641,0,758.971154,87.902564,0
01/15/2022 01:00:00 AM,01/15/2022 01:59:59 AM,40.957138,1.505263,311.947368,24.089474,0,758.561842,86.010526,0
01/15/2022 02:00:00 AM,01/15/2022 02:59:59 AM,40.47628,1.523077,311.510256,24.392308,0,758.076923,82.992308,0
01/15/2022 03:00:00 AM,01/15/2022 03:59:59 AM,41.258154,1.282051,315.661539,24.415385,0,757.798077,83.010256,0
01/15/2022 04:00:00 AM,01/15/2022 04:59:59 AM,42.119135,1.007895,311.428947,24.489474,0,758.021053,83.35,0
01/15/2022 05:00:00 AM,01/15/2022 05:59:59 AM,43.233227,0.634211,300.689474,24,0,758.236184,85.963158,0
01/15/2022 06:00:00 AM,01/15/2022 06:59:59 AM,45.012377,0.658974,275.448718,23.271795,0,758.471154,89.1,7.715385
01/15/2022 07:00:00 AM,01/15/2022 07:59:59 AM,45.966096,0.484615,282.04359,24.402564,0,759.198077,85.628205,47.802564
01/15/2022 08:00:00 AM,01/15/2022 08:59:59 AM,46.261038,0.841026,289.074359,26.510256,0,759.742308,78.04359,84.230769
01/15/2022 09:00:00 AM,01/15/2022 09:59:59 AM,46.715102,0.605263,224.994737,28.376316,0,760.053947,70.328947,85.565789
01/15/2022 10:00:00 AM,01/15/2022 10:59:59 AM,47.782805,0.879487,222.889744,30.120513,0,759.767308,63.348718,290.635897
01/15/2022 11:00:00 AM,01/15/2022 11:59:59 AM,50.668974,0.944737,205.076316,31.626316,0,759.325658,59.710526,631.331579
01/15/2022 12:00:00 PM,01/15/2022 12:59:59 PM,54.20679,0.8,222.621053,31.05,0,758.735526,62.181579,368.85
01/15/2022 01:00:00 PM,01/15/2022 01:59:59 PM,56.275778,0.984615,226.920513,32.45641,0,758.271154,59.089744,612.08718
01/15/2022 02:00:00 PM,01/15/2022 02:59:59 PM,58.197265,0.712821,211.2,32.005128,0,757.569231,60.317949,318.479487
01/15/2022 03:00:00 PM,01/15/2022 03:59:59 PM,61.341405,0.831579,266.35,32.057895,0,757.158553,57.702632,316.497368
01/15/2022 04:00:00 PM,01/15/2022 04:59:59 PM,65.170681,1.020513,282.266667,30.651282,0,757.015385,57.741026,92.241026
01/15/2022 05:00:00 PM,01/15/2022 05:59:59 PM,67.580087,1.933333,308.625641,28.479487,0,757.146154,66.287179,32.246154
01/15/2022 06:00:00 PM,01/15/2022 06:59:59 PM,67.602127,2.260526,311.042105,26.584211,0,757.476316,75.810526,0.313158
01/15/2022 07:00:00 PM,01/15/2022 07:59:59 PM,64.409399,2.239474,313.818421,25.868421,0,757.985526,78.813158,0
01/15/2022 08:00:00 PM,01/15/2022 08:59:59 PM,61.14614,2.084615,313.728205,25.446154,0,758.530769,80.941026,0
01/15/2022 09:00:00 PM,01/15/2022 09:59:59 PM,58.264492,2.235897,312.397436,25.176923,0,759.017308,83.75641,0
01/15/2022 10:00:00 PM,01/15/2022 10:59:59 PM,56.164804,1.836842,317.226316,25.113158,0,759.124342,85.857895,0
01/15/2022 11:00:00 PM,01/15/2022 11:59:59 PM,53.905259,0.851282,234.669231,24.664103,0,759.096154,88.087179,0
01/16/2022 12:00:00 AM,01/16/2022 12:59:59 AM,51.922173,0.533333,283.1,24.282051,0,758.748077,89.571795,0
01/16/2022 01:00:00 AM,01/16/2022 01:59:59 AM,50.936233,0.666667,318.907692,24.112821,0,757.828846,89.494872,0
01/16/2022 02:00:00 AM,01/16/2022 02:59:59 AM,51.162191,0.097297,38.335135,23.343243,0,757.741216,91.578378,0
01/16/2022 03:00:00 AM,01/16/2022 03:59:59 AM,52.227378,0.35641,226.192308,22.589744,0,757.453846,93.246154,0
01/16/2022 04:00:00 AM,01/16/2022 04:59:59 AM,52.599867,0.120513,78.038462,22.697436,0,757.334615,94.297436,0
01/16/2022 05:00:00 AM,01/16/2022 05:59:59 AM,52.901197,0.274359,152.041026,23.233333,0,757.467308,93.753846,0
01/16/2022 06:00:00 AM,01/16/2022 06:59:59 AM,52.683838,0.057895,46.860526,23.165789,0,757.758553,94.789474,7.9
01/16/2022 07:00:00 AM,01/16/2022 07:59:59 AM,50.862012,0.15641,75.15641,24.25641,0,758.255769,93.238462,49.679487
01/16/2022 08:00:00 AM,01/16/2022 08:59:59 AM,48.210646,0.528205,283.212821,26.825641,0,758.7,83.210256,71.905128
01/16/2022 09:00:00 AM,01/16/2022 09:59:59 AM,47.9021,0.452632,118.15,29.426316,0,758.840132,69.955263,90.355263
01/16/2022 10:00:00 AM,01/16/2022 10:59:59 AM,50.130708,0.610526,174.2,31.371053,0,758.806579,61.981579,281.876316
01/16/2022 11:00:00 AM,01/16/2022 11:59:59 AM,49.516035,0.958974,167.753846,31.615385,0,758.459615,63.684615,401.112821
01/16/2022 12:00:00 PM,01/16/2022 12:59:59 PM,49.261168,1.54359,185.076923,32.087179,0,757.886539,63.694872,752.984615
01/16/2022 01:00:00 PM,01/16/2022 01:59:59 PM,58.054466,1.302564,195.771795,32.242105,0,757.234615,63.289744,685.251282
01/16/2022 02:00:00 PM,01/16/2022 02:59:59 PM,59.858613,1.221053,205.942105,31.381579,0,756.694737,67.118421,596.31579
01/16/2022 03:00:00 PM,01/16/2022 03:59:59 PM,71.172306,0.75641,237.702564,31.25641,0,756.430769,65.320513,320.848718
01/16/2022 04:00:00 PM,01/16/2022 04:59:59 PM,80.89316,0.612821,175.853846,30.276923,0,756.386539,65.971795,135.341026
01/16/2022 05:00:00 PM,01/16/2022 05:59:59 PM,85.588446,0.255263,135.797368,29.331579,0,756.46579,66.913158,40.763158
01/16/2022 06:00:00 PM,01/16/2022 06:59:59 PM,84.139473,0.378947,171.368421,27.886842,0,756.864474,73.773684,0.207895
01/16/2022 07:00:00 PM,01/16/2022 07:59:59 PM,78.626934,1.269231,314.576923,26.738462,0,757.555769,80.061538,0
01/16/2022 08:00:00 PM,01/16/2022 08:59:59 PM,74.251926,1.053846,317.035897,25.902564,0,758.167308,85.335897,0
01/16/2022 09:00:00 PM,01/16/2022 09:59:59 PM,67.39847,0.934211,315.868421,25.307895,0,758.480921,88.386842,0
01/16/2022 10:00:00 PM,01/16/2022 10:59:59 PM,64.549787,0.9,313.748718,25.194872,0,758.673077,89.658974,0
01/16/2022 11:00:00 PM,01/16/2022 11:59:59 PM,58.160598,1.233333,311.820513,24.979487,0,758.636539,91.523077,0
01/17/2022 12:00:00 AM,01/17/2022 12:59:59 AM,53.505181,1.2,312.86579,24.560526,0,758.311184,93.502632,0
01/17/2022 01:00:00 AM,01/17/2022 01:59:59 AM,49.891236,1.044737,310.634211,24.286842,0,757.782237,95,0
01/17/2022 02:00:00 AM,01/17/2022 02:59:59 AM,47.575956,1.128205,310.158974,24.24359,0,757.328846,95.412821,0
01/17/2022 03:00:00 AM,01/17/2022 03:59:59 AM,47.455183,0.820513,310.525641,24.246154,0,757.165385,95.258974,0
01/17/2022 04:00:00 AM,01/17/2022 04:59:59 AM,47.755771,0.289474,207.186842,24.478947,0,757.379605,94.784211,0
01/17/2022 05:00:00 AM,01/17/2022 05:59:59 AM,47.69057,0.564103,282.892308,25.179487,0,757.601923,92.584615,0
01/17/2022 06:00:00 AM,01/17/2022 06:59:59 AM,47.995226,0.638462,302.297436,25.692308,0,757.871154,90.55641,8.523077
01/17/2022 07:00:00 AM,01/17/2022 07:59:59 AM,47.966849,0.886842,293.463158,26.347368,0,758.348684,87.318421,55.905263
01/17/2022 08:00:00 AM,01/17/2022 08:59:59 AM,46.755719,1.728947,311.347368,27.592105,0,758.654605,80.881579,78.202632
01/17/2022 09:00:00 AM,01/17/2022 09:59:59 AM,45.817182,1.694872,308.864103,29.323077,0,758.805769,73.787179,112.566667
01/17/2022 10:00:00 AM,01/17/2022 10:59:59 AM,44.862635,1.436842,302.292105,31.076316,0,758.585526,66.818421,275.302632
01/17/2022 11:00:00 AM,01/17/2022 11:59:59 AM,44.030253,1.312821,300.84359,32.648718,0,758.271154,60.617949,726.584615
01/17/2022 12:00:00 PM,01/17/2022 12:59:59 PM,43.743465,0.807692,262.579487,34.307692,0,757.788462,56.464103,760.346154
01/17/2022 01:00:00 PM,01/17/2022 01:59:59 PM,43.926665,1.010256,267.894872,33.538462,0,756.890385,60.410256,466.820513
01/17/2022 02:00:00 PM,01/17/2022 02:59:59 PM,44.196584,1.251351,316.421622,30.583784,0,756.468243,69.564865,194.845946
01/17/2022 03:00:00 PM,01/17/2022 03:59:59 PM,44.070575,0.979487,289.846154,31.523077,0,755.955769,65.094872,244.017949
01/17/2022 04:00:00 PM,01/17/2022 04:59:59 PM,45.291171,1.320513,294.876923,30.851282,0,755.707692,66.771795,84.389744
01/17/2022 05:00:00 PM,01/17/2022 05:59:59 PM,46.196663,1.881579,312.836842,28.981579,0,755.958553,69.684211,29.939474
01/17/2022 06:00:00 PM,01/17/2022 06:59:59 PM,46.126327,2.14359,310.120513,27.233333,0,756.440385,79.251282,0.233333
01/17/2022 07:00:00 PM,01/17/2022 07:59:59 PM,45.413963,2.031579,309.626316,26.434211,0,756.846711,85.057895,0
01/17/2022 08:00:00 PM,01/17/2022 08:59:59 PM,44.023043,1.418421,311.384211,26.260526,0,757.446711,86.7,0
01/17/2022 09:00:00 PM,01/17/2022 09:59:59 PM,42.610422,1.733333,311.033333,26.305128,0,757.809615,86.282051,0
01/17/2022 10:00:00 PM,01/17/2022 10:59:59 PM,41.653462,1.95641,311.158974,26.553846,0,757.953846,85.302564,0
01/17/2022 11:00:00 PM,01/17/2022 11:59:59 PM,41.884764,2.044737,313.05,26.634211,0,757.892763,84.447368,0
01/18/2022 12:00:00 AM,01/18/2022 12:59:59 AM,41.757977,2.046154,311.135897,26.646154,0,757.713462,83.848718,0
01/18/2022 01:00:00 AM,01/18/2022 01:59:59 AM,41.891095,2.061538,310.235897,26.641026,0,757.228846,82.5,0
01/18/2022 02:00:00 AM,01/18/2022 02:59:59 AM,43.456882,1.694737,309.234211,26.534211,0,756.773684,84.455263,0
01/18/2022 03:00:00 AM,01/18/2022 03:59:59 AM,45.263711,1.484211,313.042105,26.589474,0,756.661184,84.134211,0
01/18/2022 04:00:00 AM,01/18/2022 04:59:59 AM,47.387695,1.820513,311.192308,26.45641,0,756.828846,84.082051,0
01/18/2022 05:00:00 AM,01/18/2022 05:59:59 AM,48.951306,2.133333,310.312821,26.279487,0,757.025,83.710256,0
01/18/2022 06:00:00 AM,01/18/2022 06:59:59 AM,50.384851,2.068421,312.521053,26.189474,0,757.348026,83.694737,6.457895
01/18/2022 07:00:00 AM,01/18/2022 07:59:59 AM,50.910191,1.482051,318.592308,26.158974,0,757.921154,83.633333,48.030769
01/18/2022 08:00:00 AM,01/18/2022 08:59:59 AM,50.050047,1.574359,322.041026,27.341026,0,758.669231,78.638462,120.828205
01/18/2022 09:00:00 AM,01/18/2022 09:59:59 AM,48.782221,1.905263,338.905263,28.7,0,758.632895,72.731579,127.081579
01/18/2022 10:00:00 AM,01/18/2022 10:59:59 AM,47.4227,1.444737,309.189474,30.442105,0,758.273684,66.344737,237.252632
01/18/2022 11:00:00 AM,01/18/2022 11:59:59 AM,47.66674,1.264103,310.241026,32.112821,0,757.786539,60.325641,520.679487
01/18/2022 12:00:00 PM,01/18/2022 12:59:59 PM,48.716155,0.955263,288.31579,34.305263,0,757.284868,53.436842,691.439474
01/18/2022 01:00:00 PM,01/18/2022 01:59:59 PM,50.147911,1.04359,287.933333,35.138462,0,756.489474,53.051282,702.405263
01/18/2022 02:00:00 PM,01/18/2022 02:59:59 PM,51.596263,1.453846,292.382051,33.935897,0,755.903846,56.279487,587.28718
01/18/2022 03:00:00 PM,01/18/2022 03:59:59 PM,54.651531,2.202632,305.786842,32.205263,0,755.498684,59.455263,324.9
01/18/2022 04:00:00 PM,01/18/2022 04:59:59 PM,56.426624,2.355263,308.678947,30.136842,0,755.411842,66.202632,124.807895
01/18/2022 05:00:00 PM,01/18/2022 05:59:59 PM,57.74805,2.402564,310.397436,28.346154,0,755.567308,72.676923,55.958974
01/18/2022 06:00:00 PM,01/18/2022 06:59:59 PM,58.357833,2.828205,307.402564,26.948718,0,755.898077,78.869231,0.869231
01/18/2022 07:00:00 PM,01/18/2022 07:59:59 PM,57.221115,2.689474,314.376316,26.413158,0,756.592105,81.021053,26.544737
01/18/2022 08:00:00 PM,01/18/2022 08:59:59 PM,55.677221,1.687179,327.279487,26.1,0,757.248077,82.028205,0
01/18/2022 09:00:00 PM,01/18/2022 09:59:59 PM,54.048733,1.028205,324.994872,25.707692,0,757.873077,81.658974,0
01/18/2022 10:00:00 PM,01/18/2022 10:59:59 PM,52.709643,1.738462,314.266667,25.615385,0,757.680769,79.874359,0
01/18/2022 11:00:00 PM,01/18/2022 11:59:59 PM,50.355462,1.856757,317.205405,25.578378,0,757.356081,80.148649,0
01/19/2022 12:00:00 AM,01/19/2022 12:59:59 AM,50.712719,1.164103,326.382051,25.094872,0,757.103846,82.810256,0
01/19/2022 01:00:00 AM,01/19/2022 01:59:59 AM,51.271096,0.787179,309.812821,24.497436,0,756.609615,85.648718,0
01/19/2022 02:00:00 AM,01/19/2022 02:59:59 AM,52.391704,0.284211,115.413158,24.026316,0,756.094737,87.794737,0
01/19/2022 03:00:00 AM,01/19/2022 03:59:59 AM,53.511054,0.189744,118.384615,23.415385,0,755.951923,90.158974,0
01/19/2022 04:00:00 AM,01/19/2022 04:59:59 AM,53.593792,0.248718,128.497436,22.75641,0,756.036539,92.410256,0
01/19/2022 05:00:00 AM,01/19/2022 05:59:59 AM,52.679983,0.307895,142,22.565789,0,756.4125,93.089474,0
01/19/2022 06:00:00 AM,01/19/2022 06:59:59 AM,50.298426,0.226316,123.173684,22.402632,0,756.826974,93.665789,7.189474
01/19/2022 07:00:00 AM,01/19/2022 07:59:59 AM,47.162375,0.610256,262.464103,24.064103,0,757.278846,89.6,49.923077
01/19/2022 08:00:00 AM,01/19/2022 08:59:59 AM,43.378049,1.246154,321.65641,26.648718,0,757.853846,78.982051,54.012821
01/19/2022 09:00:00 AM,01/19/2022 09:59:59 AM,41.328967,0.960526,311.2,28.910526,0,758.048684,70.468421,66.294737
01/19/2022 10:00:00 AM,01/19/2022 10:59:59 AM,40.891556,0.65,244.3125,31.605,0,757.815,59.03,234.43
01/19/2022 11:00:00 AM,01/19/2022 11:59:59 AM,41.854518,1.397368,199.802632,32.710526,0,757.336184,58.505263,741.313158
01/19/2022 12:00:00 PM,01/19/2022 12:59:59 PM,43.745267,1.279487,202.730769,33.366667,0,756.844231,55.061538,762.510256
01/19/2022 01:00:00 PM,01/19/2022 01:59:59 PM,47.40116,1.039474,219.76579,33.997368,0,756.209211,51.665789,712.131579
01/19/2022 02:00:00 PM,01/19/2022 02:59:59 PM,51.755003,1.044737,223.513158,33.823684,0,755.613158,51.386842,604.134211
01/19/2022 03:00:00 PM,01/19/2022 03:59:59 PM,56.169669,0.8,263.884615,32.984615,0,755.186539,53.792308,346.482051
01/19/2022 04:00:00 PM,01/19/2022 04:59:59 PM,59.550221,0.938462,277.789744,30.807692,0,755.034615,64.292308,87.989744
01/19/2022 05:00:00 PM,01/19/2022 05:59:59 PM,61.959392,1.497368,304.563158,29.239474,0,755.090132,69.171053,29.531579
01/19/2022 06:00:00 PM,01/19/2022 06:59:59 PM,61.216495,1.507692,311.676923,27.435897,0,755.15,78.387179,0.502564
01/19/2022 07:00:00 PM,01/19/2022 07:59:59 PM,59.392548,1.433333,316.358974,26.587179,0,755.336539,84.064103,0
01/19/2022 08:00:00 PM,01/19/2022 08:59:59 PM,56.572845,1.168421,320.147368,25.881579,0,755.652632,86.702632,0
01/19/2022 09:00:00 PM,01/19/2022 09:59:59 PM,52.990907,0.905263,244.181579,25.368421,0,756.035526,86.852632,0
01/19/2022 10:00:00 PM,01/19/2022 10:59:59 PM,50.733169,0.594872,266.546154,24.969231,0,756.301923,88.233333,0
01/19/2022 11:00:00 PM,01/19/2022 11:59:59 PM,48.55458,0.435897,158.353846,24.512821,0,756.188462,88.961538,0
01/20/2022 12:00:00 AM,01/20/2022 12:59:59 AM,47.721656,0.465789,191.442105,23.452632,0,755.784868,91.889474,0
01/20/2022 01:00:00 AM,01/20/2022 01:59:59 AM,45.971443,0.315385,173.302564,23.358974,0,755.198077,91.953846,0
01/20/2022 02:00:00 AM,01/20/2022 02:59:59 AM,45.016084,0.412821,155.664103,22.920513,0,754.792308,92.864103,0
01/20/2022 03:00:00 AM,01/20/2022 03:59:59 AM,42.85372,0.539474,241.081579,22.707895,0,754.636184,93.823684,0
01/20/2022 04:00:00 AM,01/20/2022 04:59:59 AM,41.265739,0.592105,309.284211,22.721053,0,754.644079,94.194737,0
01/20/2022 05:00:00 AM,01/20/2022 05:59:59 AM,38.712741,0.302564,167.241026,22.989744,0,754.886539,94.084615,0
01/20/2022 06:00:00 AM,01/20/2022 06:59:59 AM,34.86265,0.312821,121.471795,22.392308,0,755.103846,94.692308,7.064103
01/20/2022 07:00:00 AM,01/20/2022 07:59:59 AM,33.145465,0.797297,312.936842,24.242105,0,755.775,90.160526,48.955263
01/20/2022 08:00:00 AM,01/20/2022 08:59:59 AM,29.351684,1.084615,307.510256,27.176923,0,756.440385,77.992308,53.225641
01/20/2022 09:00:00 AM,01/20/2022 09:59:59 AM,27.623176,0.766667,281.784615,29.802564,0,756.718421,68.141026,70.992308
01/20/2022 10:00:00 AM,01/20/2022 10:59:59 AM,28.937606,0.752632,235.21579,32.184211,0,756.50329,60.989474,279.486842
01/20/2022 11:00:00 AM,01/20/2022 11:59:59 AM,32.811937,1.228947,196.292105,33.307895,0,756.171711,59.297368,720.647368
01/20/2022 12:00:00 PM,01/20/2022 12:59:59 PM,36.260665,1.712821,197.879487,34.112821,0,755.56579,56.392308,746.210256
01/20/2022 01:00:00 PM,01/20/2022 01:59:59 PM,40.695162,1.469231,202.592308,34.235897,0,754.909615,52.046154,705.08718
01/20/2022 02:00:00 PM,01/20/2022 02:59:59 PM,44.978347,0.813158,243.55,35.244737,0,754.231579,47.613158,585.968421
01/20/2022 03:00:00 PM,01/20/2022 03:59:59 PM,46.57117,0.892308,270.941026,34,0,754.009615,53.35641,341.571795
01/20/2022 04:00:00 PM,01/20/2022 04:59:59 PM,51.100655,1.174359,284.448718,32.120513,0,753.901923,58.761538,90.379487
01/20/2022 05:00:00 PM,01/20/2022 05:59:59 PM,54.152852,1.597297,304.932432,29.786486,0,753.940541,69.486486,29.451351
01/20/2022 06:00:00 PM,01/20/2022 06:59:59 PM,54.094105,1.925641,309.674359,27.787179,0,754.238462,78.594872,0.523077
01/20/2022 07:00:00 PM,01/20/2022 07:59:59 PM,52.685626,2.05641,312.871795,26.658974,0,754.684615,83.033333,0
01/20/2022 08:00:00 PM,01/20/2022 08:59:59 PM,52.118608,1.455263,306.786842,26.176316,0,755.325,84.586842,0
01/20/2022 09:00:00 PM,01/20/2022 09:59:59 PM,51.575589,0.466667,209.051282,25.669231,0,756.030769,86.474359,0
01/20/2022 10:00:00 PM,01/20/2022 10:59:59 PM,51.782178,0.530769,278.505128,25.438462,0,756.203846,86.902564,0
01/20/2022 11:00:00 PM,01/20/2022 11:59:59 PM,51.33044,0.386842,179.334211,24.868421,0,756.071053,88.626316,0
01/21/2022 12:00:00 AM,01/21/2022 12:59:59 AM,50.915821,0.223684,86.610526,24.05,0,755.648684,91.221053,0
01/21/2022 01:00:00 AM,01/21/2022 01:59:59 AM,50.385169,0.230769,60.466667,23.625641,0,755.242308,92.453846,0
01/21/2022 02:00:00 AM,01/21/2022 02:59:59 AM,50.520277,0.341026,217.569231,23.305128,0,755.005769,93.151282,0
01/21/2022 03:00:00 AM,01/21/2022 03:59:59 AM,50.369165,0.334211,183.973684,23.305263,0,754.894737,93.555263,0
01/21/2022 04:00:00 AM,01/21/2022 04:59:59 AM,48.085762,0.602564,298.28718,23.687179,0,754.890385,92.879487,0
01/21/2022 05:00:00 AM,01/21/2022 05:59:59 AM,44.762761,0.587179,303.130769,23.687179,0,755.367308,93.764103,0
01/21/2022 06:00:00 AM,01/21/2022 06:59:59 AM,43.665578,0.639474,303.868421,24.060526,0,755.932895,93.389474,8.852632
01/21/2022 07:00:00 AM,01/21/2022 07:59:59 AM,41.925336,1.105263,343.21579,25.468421,0,756.657237,86.768421,51.539474
01/21/2022 08:00:00 AM,01/21/2022 08:59:59 AM,39.879114,1.764103,338.071795,27.894872,0,757.192308,76.330769,82.882051
01/21/2022 09:00:00 AM,01/21/2022 09:59:59 AM,35.458135,0.782051,215.994872,30.289744,0,757.503846,67.653846,97.789744
01/21/2022 10:00:00 AM,01/21/2022 10:59:59 AM,35.570544,0.518421,169.678947,32.724324,0,757.278947,57.978947,258.339474
01/21/2022 11:00:00 AM,01/21/2022 11:59:59 AM,41.777129,0.966667,204.65641,33.894872,0,756.715385,58.138462,727.892308
01/21/2022 12:00:00 PM,01/21/2022 12:59:59 PM,51.137137,1.238462,203.776923,33.382051,0,756.223077,59.505128,750.653846
01/21/2022 01:00:00 PM,01/21/2022 01:59:59 PM,62.492135,1.059459,198.889189,33.886486,0,755.746622,56.645946,681.451351
01/21/2022 02:00:00 PM,01/21/2022 02:59:59 PM,67.066992,1.184615,193,34.084615,0,755.019231,55.176923,554.076923
01/21/2022 03:00:00 PM,01/21/2022 03:59:59 PM,68.178917,0.789744,240.723077,34.038462,0,754.594231,55.323077,325.317949
01/21/2022 04:00:00 PM,01/21/2022 04:59:59 PM,67.764332,0.889474,275.597368,32.363158,0,754.653947,59.65,105.61579
01/21/2022 05:00:00 PM,01/21/2022 05:59:59 PM,72.088724,1.448718,293.612821,30.074359,0,754.903846,65.894872,34.376923
01/21/2022 06:00:00 PM,01/21/2022 06:59:59 PM,73.250583,1.302564,313.312821,27.948718,0,755.176923,74.484615,0.248718
01/21/2022 07:00:00 PM,01/21/2022 07:59:59 PM,69.626499,1.397368,308.418421,26.765789,0,755.690132,80.584211,0
01/21/2022 08:00:00 PM,01/21/2022 08:59:59 PM,65.708826,1.642105,307.878947,26.313158,0,756.244737,84.052632,0
01/21/2022 09:00:00 PM,01/21/2022 09:59:59 PM,62.313488,1.410256,315.192308,26.046154,0,756.630769,86.271795,0
01/21/2022 10:00:00 PM,01/21/2022 10:59:59 PM,58.285769,1.120513,309.758974,25.717949,0,756.888462,87.317949,0
01/21/2022 11:00:00 PM,01/21/2022 11:59:59 PM,56.075014,1.160526,313.089474,25.513158,0,756.755921,88.673684,0
01/22/2022 12:00:00 AM,01/22/2022 12:59:59 AM,55.193373,0.810526,322.864103,25.084615,0,756.638462,90.289744,0
01/22/2022 01:00:00 AM,01/22/2022 01:59:59 AM,54.594881,0.584615,330.738462,24.476923,0,756.073077,92.551282,0
01/22/2022 02:00:00 AM,01/22/2022 02:59:59 AM,54.266957,0.173684,73.976316,24.121053,0,755.680263,93.563158,0
01/22/2022 03:00:00 AM,01/22/2022 03:59:59 AM,55.194812,0.364865,132.328947,23.463158,0,755.4,94.515789,0
01/22/2022 04:00:00 AM,01/22/2022 04:59:59 AM,55.486647,0.451282,166.541026,22.994872,0,755.353846,94.75641,0
01/22/2022 05:00:00 AM,01/22/2022 05:59:59 AM,54.240261,0.628205,322.233333,23.266667,0,755.713462,94.420513,0
01/22/2022 06:00:00 AM,01/22/2022 06:59:59 AM,50.774779,0.284211,92.644737,23.521053,0,756.525,93.839474,7.05
01/22/2022 07:00:00 AM,01/22/2022 07:59:59 AM,47.119031,0.397143,209.845714,24.857143,0,757.187143,90.945714,50.991429
01/22/2022 08:00:00 AM,01/22/2022 08:59:59 AM,42.466567,0.679487,297.389744,27.123077,0,757.817308,83.4,70.676923
01/22/2022 09:00:00 AM,01/22/2022 09:59:59 AM,39.707272,0.727778,170.611111,28.761111,0,757.9125,75.961111,89.027778
01/22/2022 10:00:00 AM,01/22/2022 10:59:59 AM,39.449645,0.6,329.2,32.45,0,757.5,62.25,775.75
01/22/2022 11:00:00 AM,01/22/2022 11:59:59 AM,41.914973,1.130769,165.202564,32.530769,0,757.326923,64.741026,728.733333
01/22/2022 12:00:00 PM,01/22/2022 12:59:59 PM,47.731891,1.094737,214.347368,32.365789,0,756.984868,65.597368,721.281579
01/22/2022 01:00:00 PM,01/22/2022 01:59:59 PM,54.261658,1.161538,211.225641,32.158974,0,756.257692,64.933333,693.958974
01/22/2022 02:00:00 PM,01/22/2022 02:59:59 PM,62.961109,0.915385,202.179487,32.117949,0,755.690385,63.833333,577.820513
01/22/2022 03:00:00 PM,01/22/2022 03:59:59 PM,71.198676,0.932432,210.894595,31.913514,0,755.164865,64.116216,332.267568
01/22/2022 04:00:00 PM,01/22/2022 04:59:59 PM,78.971657,0.782051,217.330769,31.369231,0,754.957692,65.382051,101.294872
01/22/2022 05:00:00 PM,01/22/2022 05:59:59 PM,83.972042,0.725641,276.284615,30.353846,0,755.140385,67.533333,38.210256
01/22/2022 06:00:00 PM,01/22/2022 06:59:59 PM,86.606885,1.458974,311.912821,28.225641,0,755.467308,74.541026,0.312821
01/22/2022 07:00:00 PM,01/22/2022 07:59:59 PM,84.483093,1.802632,309.747368,26.755263,0,755.919079,82.023684,0
01/22/2022 08:00:00 PM,01/22/2022 08:59:59 PM,79.340085,1.797436,312.6,26.110256,0,756.465385,85.382051,0
01/22/2022 09:00:00 PM,01/22/2022 09:59:59 PM,74.451452,1.964103,309.605128,25.851282,0,756.663462,86.794872,0
01/22/2022 10:00:00 PM,01/22/2022 10:59:59 PM,69.059799,1.571053,312.910526,25.702632,0,756.807237,87.7,0
01/22/2022 11:00:00 PM,01/22/2022 11:59:59 PM,64.181541,0.934211,313.073684,25.555263,0,756.572368,88.755263,0
01/23/2022 12:00:00 AM,01/23/2022 12:59:59 AM,60.970613,0.630769,290.276923,25.520513,0,756.157692,88.907692,0
01/23/2022 01:00:00 AM,01/23/2022 01:59:59 AM,58.333747,0.586842,292.107895,25.294737,0,755.486842,89.855263,0
01/23/2022 02:00:00 AM,01/23/2022 02:59:59 AM,55.516655,0.564103,231.525641,24.441026,0,754.942308,92.415385,0
01/23/2022 03:00:00 AM,01/23/2022 03:59:59 AM,54.580582,0.569231,282.017949,23.720513,0,754.836539,94.820513,0
01/23/2022 04:00:00 AM,01/23/2022 04:59:59 AM,53.538387,0.460526,157.476316,23.786842,0,755.034868,95.371053,0
01/23/2022 05:00:00 AM,01/23/2022 05:59:59 AM,51.167051,0.718421,343.523684,23.855263,0,755.323026,95.084211,0
01/23/2022 06:00:00 AM,01/23/2022 06:59:59 AM,47.851238,0.438462,295.576923,23.607692,0,755.838462,95.815385,6.671795
01/23/2022 07:00:00 AM,01/23/2022 07:59:59 AM,44.410279,0.271795,132.8,24.607692,0,756.526923,94.492308,63.251282
01/23/2022 08:00:00 AM,01/23/2022 08:59:59 AM,41.193045,1.121053,347.26579,26.631579,0,757.190132,85.752632,112.257895
01/23/2022 09:00:00 AM,01/23/2022 09:59:59 AM,39.226393,0.74359,202.007692,27.941026,0,757.440385,78.958974,231.915385
01/23/2022 10:00:00 AM,01/23/2022 10:59:59 AM,39.59303,0.707895,239.468421,29.823684,0,757.255263,71.742105,299.936842
01/23/2022 11:00:00 AM,01/23/2022 11:59:59 AM,41.117738,0.657895,215.171053,31.884211,0,756.807237,65.226316,535.973684
01/23/2022 12:00:00 PM,01/23/2022 12:59:59 PM,44.451454,0.941026,205.830769,32.076923,0,756.188462,65.364103,518.474359
01/23/2022 01:00:00 PM,01/23/2022 01:59:59 PM,49.185474,1.182051,219.602564,33.384615,0,755.348077,60.702564,618.705128
01/23/2022 02:00:00 PM,01/23/2022 02:59:59 PM,55.075203,0.715789,242.784211,32.521053,0,754.638158,61.518421,219.136842
01/23/2022 03:00:00 PM,01/23/2022 03:59:59 PM,61.361394,0.628205,250.069231,32.241026,0,754.353846,61.692308,235.853846
01/23/2022 04:00:00 PM,01/23/2022 04:59:59 PM,66.971177,1.712821,311.130769,30.984615,0,754.286539,62.589744,136.282051
01/23/2022 05:00:00 PM,01/23/2022 05:59:59 PM,70.381727,1.940541,312.916216,28.708108,0,754.435135,68.856757,40.851351
01/23/2022 06:00:00 PM,01/23/2022 06:59:59 PM,71.48537,1.910256,310.976923,26.9,0,754.755769,75.497436,0.738462
01/23/2022 07:00:00 PM,01/23/2022 07:59:59 PM,71.44792,1.676923,315.982051,26.023077,0,755.161539,78.479487,0
01/23/2022 08:00:00 PM,01/23/2022 08:59:59 PM,69.852494,1.668421,316.560526,25.597368,0,755.650658,79.539474,0
01/23/2022 09:00:00 PM,01/23/2022 09:59:59 PM,67.674683,1.946154,311.538462,25.271795,0,755.801923,79.325641,0
01/23/2022 10:00:00 PM,01/23/2022 10:59:59 PM,65.401558,1.876923,314.230769,25.241026,0,755.878846,79.794872,0
01/23/2022 11:00:00 PM,01/23/2022 11:59:59 PM,63.687454,1.626316,313.931579,25.026316,0,755.729605,81.326316,0
01/24/2022 12:00:00 AM,01/24/2022 12:59:59 AM,62.182793,1.384211,312.86579,24.731579,0,755.421711,83.934211,0
01/24/2022 01:00:00 AM,01/24/2022 01:59:59 AM,61.799378,1.164103,322.902564,24.664103,0,755.326923,86.133333,0
01/24/2022 02:00:00 AM,01/24/2022 02:59:59 AM,61.726748,1.138462,316.566667,24.525641,0,754.980769,87.594872,0
01/24/2022 03:00:00 AM,01/24/2022 03:59:59 AM,61.453037,1.023684,315.55,25.078947,0,754.730921,86.05,0
01/24/2022 04:00:00 AM,01/24/2022 04:59:59 AM,61.100602,0.702564,298.28718,25.007692,0,754.755769,86.912821,0
01/24/2022 05:00:00 AM,01/24/2022 05:59:59 AM,60.988664,0.525641,273.489744,24.65641,0,754.961539,88.112821,0
01/24/2022 06:00:00 AM,01/24/2022 06:59:59 AM,60.440399,1.041026,307.541026,24.894872,0,755.325,84.75641,7.664103
01/24/2022 07:00:00 AM,01/24/2022 07:59:59 AM,58.84292,1.240541,338.832432,25.254054,0,755.746622,83.851351,46.675676
01/24/2022 08:00:00 AM,01/24/2022 08:59:59 AM,56.425502,0.530769,118.669231,27.053846,0,756.309615,78.787179,63.417949
01/24/2022 09:00:00 AM,01/24/2022 09:59:59 AM,53.999802,0.517949,115.125641,28.941026,0,756.573077,70.925641,88.817949
01/24/2022 10:00:00 AM,01/24/2022 10:59:59 AM,52.857101,0.702564,217.020513,31.123077,0,756.475,64.953846,286.048718
01/24/2022 11:00:00 AM,01/24/2022 11:59:59 AM,54.007769,0.944737,201.786842,32.639474,0,756.236842,60.931579,712.755263
01/24/2022 12:00:00 PM,01/24/2022 12:59:59 PM,56.959598,1.030769,208.661539,32.397368,0,755.823077,62.012821,760.825641
01/24/2022 01:00:00 PM,01/24/2022 01:59:59 PM,59.599874,1.102632,213.236842,32.834211,0,755.178947,60.473684,697.947368
01/24/2022 02:00:00 PM,01/24/2022 02:59:59 PM,63.133811,1.144737,210.713158,32.613158,0,754.653947,59.757895,583.878947
01/24/2022 03:00:00 PM,01/24/2022 03:59:59 PM,65.443231,0.782051,261.297436,32.715385,0,754.309615,58.674359,351.764103
01/24/2022 04:00:00 PM,01/24/2022 04:59:59 PM,68.341218,1.361538,295.925641,31.074359,0,754.25,60.687179,114.084615
01/24/2022 05:00:00 PM,01/24/2022 05:59:59 PM,69.631235,1.615789,306.46579,28.936842,0,754.588816,66.763158,40.15
01/24/2022 06:00:00 PM,01/24/2022 06:59:59 PM,69.25116,1.923077,312.541026,27.146154,0,755.009615,74.441026,0.748718
01/24/2022 07:00:00 PM,01/24/2022 07:59:59 PM,67.009353,1.861538,313.915385,26.302564,0,755.380769,75.874359,0
01/24/2022 08:00:00 PM,01/24/2022 08:59:59 PM,63.881617,1.313158,315.510526,25.794737,0,755.826316,76.523684,0
01/24/2022 09:00:00 PM,01/24/2022 09:59:59 PM,61.291254,1.157895,309.9,25.457895,0,756.1875,77.260526,0
01/24/2022 10:00:00 PM,01/24/2022 10:59:59 PM,57.98793,1.212821,309.292308,25.197436,0,756.284615,77.379487,0
01/24/2022 11:00:00 PM,01/24/2022 11:59:59 PM,57.105099,1.366667,319.494872,25.007692,0,756.040385,78.05641,0
01/25/2022 12:00:00 AM,01/25/2022 12:59:59 AM,56.776302,0.641026,237.623077,24.046154,0,755.636539,81.610256,0
01/25/2022 01:00:00 AM,01/25/2022 01:59:59 AM,58.130159,0.540541,203.376316,23.65,0,755.155263,84.35,0
01/25/2022 02:00:00 AM,01/25/2022 02:59:59 AM,59.73319,0.887179,320.241026,24.092308,0,754.955769,87.441026,0
01/25/2022 03:00:00 AM,01/25/2022 03:59:59 AM,61.292305,0.130769,38.410256,23.423077,0,754.992308,90.448718,0
01/25/2022 04:00:00 AM,01/25/2022 04:59:59 AM,61.803725,0.083784,13.589189,22.897297,0,755.077703,93.227027,0
01/25/2022 05:00:00 AM,01/25/2022 05:59:59 AM,61.813846,0.335897,15.205128,22.45641,0,755.473077,93.64359,0
01/25/2022 06:00:00 AM,01/25/2022 06:59:59 AM,60.7525,0.569231,110.28718,22.323077,0,755.865385,95.192308,7.417949
01/25/2022 07:00:00 AM,01/25/2022 07:59:59 AM,56.168603,0.555263,269.857895,23.871053,0,756.532895,92.294737,45.597368
01/25/2022 08:00:00 AM,01/25/2022 08:59:59 AM,51.32895,0.433333,175.553846,26.969231,0,757.155769,77.215385,60.369231
01/25/2022 09:00:00 AM,01/25/2022 09:59:59 AM,48.504093,0.517949,120.189744,29.397436,0,757.292308,64.838462,82.587179
01/25/2022 10:00:00 AM,01/25/2022 10:59:59 AM,47.803411,0.439474,126.094737,31.723684,0,757.223684,56.986842,283.486842
01/25/2022 11:00:00 AM,01/25/2022 11:59:59 AM,51.591877,1.236842,200.207895,32.532432,0,756.998684,57.494737,744.552632
01/25/2022 12:00:00 PM,01/25/2022 12:59:59 PM,55.996955,1.069231,216.894872,32.323077,0,756.6,58.923684,767.248718
01/25/2022 01:00:00 PM,01/25/2022 01:59:59 PM,59.253465,1.215385,216.074359,33.041026,0,756.078846,57.107692,708.774359
01/25/2022 02:00:00 PM,01/25/2022 02:59:59 PM,65.28167,1.37027,211.444737,32.697368,0.018947,755.471053,57.25,594.997368
01/25/2022 03:00:00 PM,01/25/2022 03:59:59 PM,72.654053,0.784615,240.028205,33.069231,0,755.015385,56.153846,360.853846
01/25/2022 04:00:00 PM,01/25/2022 04:59:59 PM,79.018129,0.720513,261.182051,31.738462,0,754.919231,59.438462,117.815385
01/25/2022 05:00:00 PM,01/25/2022 05:59:59 PM,82.154196,0.823684,295.107895,29.707895,0,755.133553,66.834211,38.244737
01/25/2022 06:00:00 PM,01/25/2022 06:59:59 PM,81.53245,1.55,310.292105,27.455263,0,755.520395,76.255263,0.2
01/25/2022 07:00:00 PM,01/25/2022 07:59:59 PM,76.408854,1.376923,313.171795,26.461538,0,756.125,79.823077,0
01/25/2022 08:00:00 PM,01/25/2022 08:59:59 PM,71.379434,1.531579,314.518421,26.139474,0,756.680921,81.123684,0
01/25/2022 09:00:00 PM,01/25/2022 09:59:59 PM,67.674673,1.025641,327.335897,25.5,0,757.038462,84.2,0
01/25/2022 10:00:00 PM,01/25/2022 10:59:59 PM,62.908434,0.658974,291.520513,25.007692,0,757.192308,86.112821,0
01/25/2022 11:00:00 PM,01/25/2022 11:59:59 PM,59.308346,0.542105,257.936842,24.807895,0,756.9375,87.105263,0
01/26/2022 12:00:00 AM,01/26/2022 12:59:59 AM,56.387456,0.35,154.5575,24.255,0,756.721875,89.5475,0
01/26/2022 01:00:00 AM,01/26/2022 01:59:59 AM,54.484321,0.289474,92.313158,23.878947,0,756.455921,90.852632,0
01/26/2022 02:00:00 AM,01/26/2022 02:59:59 AM,54.497011,0.092105,5.594737,23.271053,0,756.047368,92.478947,0
01/26/2022 03:00:00 AM,01/26/2022 03:59:59 AM,54.237686,0.135897,31.951282,22.902564,0,755.930769,93.733333,0
01/26/2022 04:00:00 AM,01/26/2022 04:59:59 AM,53.670623,0.428205,77.105128,22.625641,0,756.080769,94.605128,0
01/26/2022 05:00:00 AM,01/26/2022 05:59:59 AM,52.464171,0.318421,5.078947,22.528947,0,756.475658,95.571053,0
01/26/2022 06:00:00 AM,01/26/2022 06:59:59 AM,48.750389,0.353846,28.376923,22.925641,0,756.828846,95.984615,8.197436
01/26/2022 07:00:00 AM,01/26/2022 07:59:59 AM,44.143798,0.351282,50.369231,24.902564,0,757.407692,92.015385,52.117949
01/26/2022 08:00:00 AM,01/26/2022 08:59:59 AM,42.940381,0.547368,73.968421,27.581579,0,757.975658,81.460526,71.805263
01/26/2022 09:00:00 AM,01/26/2022 09:59:59 AM,40.579044,0.586842,87.734211,29.573684,0,758.151316,73.25,116.463158
01/26/2022 10:00:00 AM,01/26/2022 10:59:59 AM,41.905495,0.597436,77.461538,31.538462,0,757.921154,64.961538,289.579487
01/26/2022 11:00:00 AM,01/26/2022 11:59:59 AM,46.277485,0.661538,132.284615,33.479487,0,757.457692,58.587179,614.95641
01/26/2022 12:00:00 PM,01/26/2022 12:59:59 PM,52.19501,1.128947,210.152632,30.881579,0,756.830921,72.376316,399.05
01/26/2022 01:00:00 PM,01/26/2022 01:59:59 PM,53.285497,1.125641,212.212821,31.758974,0,756.217308,67.766667,629.684615
01/26/2022 02:00:00 PM,01/26/2022 02:59:59 PM,62.285695,0.982051,215.007692,30.584615,0,755.611539,69.038462,261.507692
01/26/2022 03:00:00 PM,01/26/2022 03:59:59 PM,70.362693,0.75,239.518421,30.881579,0,755.337162,66.921053,221.544737
01/26/2022 04:00:00 PM,01/26/2022 04:59:59 PM,73.485452,0.75,265.189474,31.102632,0,755.309211,65.323684,150.873684
01/26/2022 05:00:00 PM,01/26/2022 05:59:59 PM,78.354489,1.276923,290.220513,29.269231,0,755.471154,69.935897,48.592308
01/26/2022 06:00:00 PM,01/26/2022 06:59:59 PM,77.468476,1.792308,310.571795,27.287179,0,755.863462,77.205128,0.610256
01/26/2022 07:00:00 PM,01/26/2022 07:59:59 PM,73.333932,1.597368,310.471053,26.613158,0,756.475658,79.728947,0
01/26/2022 08:00:00 PM,01/26/2022 08:59:59 PM,67.620676,1.594872,313.535897,26.182051,0,756.978846,80.710256,0
01/26/2022 09:00:00 PM,01/26/2022 09:59:59 PM,66.668002,1.274359,321.902564,25.733333,0,757.303846,80.8,0
01/26/2022 10:00:00 PM,01/26/2022 10:59:59 PM,63.214255,1.694737,312.344737,25.555263,0,757.351974,81.007895,0
01/26/2022 11:00:00 PM,01/26/2022 11:59:59 PM,61.624259,2.065789,308.339474,25.460526,0,757.081579,83.521053,0
01/27/2022 12:00:00 AM,01/27/2022 12:59:59 AM,61.356145,2.1,308.246154,25.4,0,756.882692,83.402564,0
01/27/2022 01:00:00 AM,01/27/2022 01:59:59 AM,61.580162,1.938462,311.584615,25.24359,0,756.571154,84.605128,0
01/27/2022 02:00:00 AM,01/27/2022 02:59:59 AM,63.351421,1.344737,309.863158,25.165789,0,756.234868,85.952632,0
01/27/2022 03:00:00 AM,01/27/2022 03:59:59 AM,65.37292,0.848718,312.405128,25.1,0,755.965385,87.312821,0
01/27/2022 04:00:00 AM,01/27/2022 04:59:59 AM,66.88766,0.712821,308.374359,24.997436,0,756.121154,87.889744,0
01/27/2022 05:00:00 AM,01/27/2022 05:59:59 AM,68.039466,0.326316,81.1,24.136842,0,756.528947,90.494737,0
01/27/2022 06:00:00 AM,01/27/2022 06:59:59 AM,67.753783,0.571053,35.021053,23.142105,0,756.886184,93.778947,7.202632
01/27/2022 07:00:00 AM,01/27/2022 07:59:59 AM,64.998174,0.289744,96.610256,24.374359,0,757.551923,91.258974,53.24359
01/27/2022 08:00:00 AM,01/27/2022 08:59:59 AM,60.376332,0.534211,165.123684,26.628947,0,758.269737,82.984211,75.671053
01/27/2022 09:00:00 AM,01/27/2022 09:59:59 AM,55.726159,0.566667,162.182051,28.579487,0,758.301923,74.525641,101.653846
01/27/2022 10:00:00 AM,01/27/2022 10:59:59 AM,54.596218,0.423077,131.376923,31.292308,0,758.209615,64.246154,321.953846
01/27/2022 11:00:00 AM,01/27/2022 11:59:59 AM,55.297911,0.992105,212.634211,32.15,0,757.940132,64.239474,620.292105
01/27/2022 12:00:00 PM,01/27/2022 12:59:59 PM,55.955144,1.078947,212.889474,32.4,0,757.59079,62.702632,714.607895
01/27/2022 01:00:00 PM,01/27/2022 01:59:59 PM,55.704292,1.046154,213.225641,32.746154,0,757.046154,60.889744,659.982051
01/27/2022 02:00:00 PM,01/27/2022 02:59:59 PM,59.131808,1.064103,216.794872,33.492308,0,756.436539,57.84359,593.030769
01/27/2022 03:00:00 PM,01/27/2022 03:59:59 PM,64.867819,0.894595,270.378947,33.428947,0,756.080921,55.252632,380.21579
01/27/2022 04:00:00 PM,01/27/2022 04:59:59 PM,69.714402,0.925641,285.44359,31.982051,0,755.938462,58.097436,142.005128
01/27/2022 05:00:00 PM,01/27/2022 05:59:59 PM,72.651305,1.484615,295.548718,29.630769,0,756.128846,67.810256,44.920513
01/27/2022 06:00:00 PM,01/27/2022 06:59:59 PM,71.388583,2.2,309.275676,27.427027,0,756.488514,75.527027,0.686486
01/27/2022 07:00:00 PM,01/27/2022 07:59:59 PM,67.690558,1.879487,312.325641,26.597436,0,756.821154,78.9,0
01/27/2022 08:00:00 PM,01/27/2022 08:59:59 PM,65.170023,2.087179,310.130769,26.202564,0,757.309615,81.838462,0
01/27/2022 09:00:00 PM,01/27/2022 09:59:59 PM,64.337088,1.707692,317.912821,25.812821,0,757.726923,82.215385,0
01/27/2022 10:00:00 PM,01/27/2022 10:59:59 PM,61.13484,0.931579,330.757895,25.463158,0,757.908553,83.184211,0
01/27/2022 11:00:00 PM,01/27/2022 11:59:59 PM,58.739253,0.707692,311.912821,24.969231,0,757.609615,85.594872,0
01/28/2022 12:00:00 AM,01/28/2022 12:59:59 AM,58.626948,0.553846,267.579487,24.441026,0,757.251923,87.835897,0
01/28/2022 01:00:00 AM,01/28/2022 01:59:59 AM,58.963627,1.042105,316.702632,24.192105,0,756.888158,88.986842,0
01/28/2022 02:00:00 AM,01/28/2022 02:59:59 AM,59.730177,0.936842,319.926316,24.142105,0,756.418421,89.978947,0
01/28/2022 03:00:00 AM,01/28/2022 03:59:59 AM,61.086972,0.75641,327.951282,24.028205,0,756.165385,91.515385,0
01/28/2022 04:00:00 AM,01/28/2022 04:59:59 AM,61.584451,0.302632,67.510526,23.765789,0,756.225,92.881579,0
01/28/2022 05:00:00 AM,01/28/2022 05:59:59 AM,60.974484,0.205128,28.723077,23.123077,0,756.511539,94.987179,0
01/28/2022 06:00:00 AM,01/28/2022 06:59:59 AM,58.939114,0.448718,80.05641,22.851282,0,756.888462,95.735897,7.646154
01/28/2022 07:00:00 AM,01/28/2022 07:59:59 AM,54.016216,0.334211,59.042105,24.25,0,757.51579,93.363158,46.228947
01/28/2022 08:00:00 AM,01/28/2022 08:59:59 AM,48.557965,0.273684,53.113158,26.9,0,758.176974,81.478947,66.865789
01/28/2022 09:00:00 AM,01/28/2022 09:59:59 AM,45.155296,0.425641,96.438462,29.425641,0,758.586539,70.928205,111.4
01/28/2022 10:00:00 AM,01/28/2022 10:59:59 AM,45.046343,0.617949,125.358974,30.930769,0,758.528846,66.782051,286.776923
01/28/2022 11:00:00 AM,01/28/2022 11:59:59 AM,46.838529,0.955263,203.726316,30.65,0,758.149342,69.186842,441.668421
01/28/2022 12:00:00 PM,01/28/2022 12:59:59 PM,45.028232,1.105128,207.323077,31.661538,0,757.661539,65.384615,679.189744
01/28/2022 01:00:00 PM,01/28/2022 01:59:59 PM,50.858894,1.2,191.34359,32.3,0,757.092308,62.210256,716.441026
01/28/2022 02:00:00 PM,01/28/2022 02:59:59 PM,57.362094,1.044737,214.492105,32.176316,0,756.497368,61.813158,593.652632
01/28/2022 03:00:00 PM,01/28/2022 03:59:59 PM,65.129617,0.886842,247.523684,32.257895,0,756.126316,61.271053,387.068421
01/28/2022 04:00:00 PM,01/28/2022 04:59:59 PM,73.624613,0.982051,282.605128,31.025641,0,756.103846,64.661538,138.833333
01/28/2022 05:00:00 PM,01/28/2022 05:59:59 PM,78.752875,1.223077,299.330769,29.092308,0,756.371154,70.048718,51.046154
01/28/2022 06:00:00 PM,01/28/2022 06:59:59 PM,78.178906,1.578947,309.231579,27.018421,0,756.716447,78.681579,0.847368
01/28/2022 07:00:00 PM,01/28/2022 07:59:59 PM,73.784889,2,313.192308,26.179487,0,757.078846,83.138462,0
01/28/2022 08:00:00 PM,01/28/2022 08:59:59 PM,70.244781,1.933333,311.469231,25.992308,0,757.715385,84.428205,0
01/28/2022 09:00:00 PM,01/28/2022 09:59:59 PM,65.947863,2.121053,313.05,25.897368,0,758.261842,84.792105,0
01/28/2022 10:00:00 PM,01/28/2022 10:59:59 PM,62.233046,1.55,313.952632,25.557895,0,758.45329,85.460526,0
01/28/2022 11:00:00 PM,01/28/2022 11:59:59 PM,59.436446,1.871795,310.476923,25.382051,0,758.196154,85.620513,0
01/29/2022 12:00:00 AM,01/29/2022 12:59:59 AM,56.815746,1.989744,312.830769,25.212821,0,757.869231,85.353846,0
01/29/2022 01:00:00 AM,01/29/2022 01:59:59 AM,56.572709,1.418421,317.528947,24.973684,0,757.482237,85.986842,0
01/29/2022 02:00:00 AM,01/29/2022 02:59:59 AM,58.433168,0.95,320.071795,24.648718,0,757.232692,87.430769,0
01/29/2022 03:00:00 AM,01/29/2022 03:59:59 AM,61.459671,0.102564,72.630769,24.5,0,757.265385,88.248718,0
01/29/2022 04:00:00 AM,01/29/2022 04:59:59 AM,64.211492,0.45,221.96579,24.710526,0,757.353947,86.994737,0
01/29/2022 05:00:00 AM,01/29/2022 05:59:59 AM,64.487794,1.481579,312.373684,24.9,0,757.517763,85.244737,0
01/29/2022 06:00:00 AM,01/29/2022 06:59:59 AM,64.702017,1.569231,311.930769,24.902564,0,758.040385,85.95641,6.946154
01/29/2022 07:00:00 AM,01/29/2022 07:59:59 AM,64.719463,1.210256,302.661539,25.628205,0,758.859615,84.333333,58.987179
01/29/2022 08:00:00 AM,01/29/2022 08:59:59 AM,64.540524,1.976316,304.736842,27.218421,0,759.544737,77.557895,119.605263
01/29/2022 09:00:00 AM,01/29/2022 09:59:59 AM,64.415197,2.797436,308.720513,28.789744,0,759.926923,66.874359,221.110256
01/29/2022 10:00:00 AM,01/29/2022 10:59:59 AM,64.972206,2.279487,302.530769,30.551282,0,760.003846,60.835897,566.102564
01/29/2022 11:00:00 AM,01/29/2022 11:59:59 AM,67.241091,2.039474,301.194737,31.492105,0,759.694737,56.018421,734.063158
01/29/2022 12:00:00 PM,01/29/2022 12:59:59 PM,69.691333,2.352632,309.6,31.807895,0,759.069079,52.644737,756.821053
01/29/2022 01:00:00 PM,01/29/2022 01:59:59 PM,72.975694,2.061538,309.248718,32.476923,0,758.259615,48.179487,734.620513
01/29/2022 02:00:00 PM,01/29/2022 02:59:59 PM,78.20563,1.405128,287.628205,33.405128,0,757.332692,45.930769,624.928205
01/29/2022 03:00:00 PM,01/29/2022 03:59:59 PM,83.494555,1.042105,275.142105,32.686842,0,756.980921,49.676316,441.052632
01/29/2022 04:00:00 PM,01/29/2022 04:59:59 PM,87.33053,1.194872,275.464103,30.35641,0,757.042308,58.102564,135.297436
01/29/2022 05:00:00 PM,01/29/2022 05:59:59 PM,89.908039,1.405128,298.54359,28.320513,0,757.330769,64.030769,59.207692
01/29/2022 06:00:00 PM,01/29/2022 06:59:59 PM,90.319389,1.946154,307.292308,26.517949,0,757.594231,71.741026,0.810256
01/29/2022 07:00:00 PM,01/29/2022 07:59:59 PM,88.240815,2.015789,310.05,25.747368,0,758.064474,76.721053,0
01/29/2022 08:00:00 PM,01/29/2022 08:59:59 PM,84.486225,1.310526,310.157895,25.457895,0,758.530263,79.244737,0
01/29/2022 09:00:00 PM,01/29/2022 09:59:59 PM,80.032613,1.271795,310.428205,25.169231,0,758.934615,82.792308,0
01/29/2022 10:00:00 PM,01/29/2022 10:59:59 PM,73.452277,1.05641,310.58718,24.910256,0,759.146154,83.366667,0
01/29/2022 11:00:00 PM,01/29/2022 11:59:59 PM,67.291113,1.118421,311.044737,24.665789,0,758.966447,84.163158,0
01/30/2022 12:00:00 AM,01/30/2022 12:59:59 AM,63.903083,0.884615,312.94359,24.320513,0,758.517308,85.184615,0
01/30/2022 01:00:00 AM,01/30/2022 01:59:59 AM,61.000709,0.84359,312.984615,23.858974,0,757.967308,86.871795,0
01/30/2022 02:00:00 AM,01/30/2022 02:59:59 AM,59.343204,0.823684,307.436842,24.168421,0,757.415132,86.352632,0
01/30/2022 03:00:00 AM,01/30/2022 03:59:59 AM,59.323541,1.513158,312.2,24.589474,0,757.261184,84.584211,0
01/30/2022 04:00:00 AM,01/30/2022 04:59:59 AM,61.203644,1.14359,310.615385,24.625641,0,757.417308,82.541026,0
01/30/2022 05:00:00 AM,01/30/2022 05:59:59 AM,63.28027,1.164103,311.410256,24.505128,0,757.838462,84.164103,0
01/30/2022 06:00:00 AM,01/30/2022 06:59:59 AM,65.296553,0.963158,312.981579,24.628947,0,758.425658,83.839474,5.171053
01/30/2022 07:00:00 AM,01/30/2022 07:59:59 AM,67.109625,1.284615,309.364103,25.830769,0,759.005769,79.907692,63.512821
01/30/2022 08:00:00 AM,01/30/2022 08:59:59 AM,68.17054,1.841026,305.246154,27.738462,0,759.644231,71.764103,117.051282
01/30/2022 09:00:00 AM,01/30/2022 09:59:59 AM,70.341764,2.224324,309.294595,29.27027,0,759.979054,62.610811,182.140541
01/30/2022 10:00:00 AM,01/30/2022 10:59:59 AM,73.609255,2.546154,305.997436,30.215385,0,759.95,59.423077,552.628205
01/30/2022 11:00:00 AM,01/30/2022 11:59:59 AM,77.304897,1.961538,302.758974,31.210256,0,759.530769,57.946154,588.78718
01/30/2022 12:00:00 PM,01/30/2022 12:59:59 PM,78.050648,1.881579,305.176316,32.118421,0,758.808553,53.460526,684.818421
01/30/2022 01:00:00 PM,01/30/2022 01:59:59 PM,79.130357,1.735897,292.192308,33.292308,0,758.057692,48.238462,747.264103
01/30/2022 02:00:00 PM,01/30/2022 02:59:59 PM,86.016204,1.523077,292.517949,33.602564,0,757.378846,46.128205,626.782051
01/30/2022 03:00:00 PM,01/30/2022 03:59:59 PM,92.121002,1.413158,280.694737,32.278947,0,757.036184,50.286842,438.536842
01/30/2022 04:00:00 PM,01/30/2022 04:59:59 PM,96.93739,1.476316,291.544737,30.742105,0,756.996711,54.460526,127.368421
01/30/2022 05:00:00 PM,01/30/2022 05:59:59 PM,99.498935,1.7,304.551282,28.882051,0,757.225,58.797436,61.594872
01/30/2022 06:00:00 PM,01/30/2022 06:59:59 PM,98.913393,1.582051,303.748718,26.941026,0,757.632692,67.14359,1.066667
01/30/2022 07:00:00 PM,01/30/2022 07:59:59 PM,92.974172,1.610526,306.334211,25.997368,0,758.311184,74.197368,0
01/30/2022 08:00:00 PM,01/30/2022 08:59:59 PM,87.568919,1.658974,307.664103,25.582051,0,758.844231,76.671795,0
01/30/2022 09:00:00 PM,01/30/2022 09:59:59 PM,83.983604,1.407692,306.871795,25.302564,0,759.159615,78.789744,0
01/30/2022 10:00:00 PM,01/30/2022 10:59:59 PM,77.57973,1.336842,305.684211,25.055263,0,759.09079,80.139474,0
01/30/2022 11:00:00 PM,01/30/2022 11:59:59 PM,71.752202,1.184211,312.66579,24.902632,0,758.901316,81.507895,0
01/31/2022 12:00:00 AM,01/31/2022 12:59:59 AM,67.036539,1.207692,312.738462,24.84359,0,758.5,83.266667,0
01/31/2022 01:00:00 AM,01/31/2022 01:59:59 AM,63.31253,0.930769,308.105128,24.689744,0,757.978846,84.753846,0
01/31/2022 02:00:00 AM,01/31/2022 02:59:59 AM,60.676749,0.8,313.818421,24.544737,0,757.51579,85.760526,0
01/31/2022 03:00:00 AM,01/31/2022 03:59:59 AM,60.628176,0.533333,305.75641,24.279487,0,757.240385,88.012821,0
01/31/2022 04:00:00 AM,01/31/2022 04:59:59 AM,61.294392,0.561538,229.689744,23.969231,0,757.323077,88.569231,0
01/31/2022 05:00:00 AM,01/31/2022 05:59:59 AM,60.953109,0.465789,262.323684,23.815789,0,757.596711,90.515789,0
01/31/2022 06:00:00 AM,01/31/2022 06:59:59 AM,59.76245,0.531579,215.921053,23.965789,0,758.04079,89.568421,7.684211
01/31/2022 07:00:00 AM,01/31/2022 07:59:59 AM,57.846307,0.328205,125.376923,24.476923,0,758.667308,89.251282,53.858974
01/31/2022 08:00:00 AM,01/31/2022 08:59:59 AM,55.790317,1.14359,319.58718,27.128205,0,759.198077,79.702564,76.017949
01/31/2022 09:00:00 AM,01/31/2022 09:59:59 AM,54.635934,0.592105,216.818421,29.044737,0,759.209211,69.665789,92.821053
01/31/2022 10:00:00 AM,01/31/2022 10:59:59 AM,55.323219,0.874359,185.802564,30.8,0,758.846154,65.053846,401.376923
01/31/2022 11:00:00 AM,01/31/2022 11:59:59 AM,59.684983,1.102564,202.653846,31.823077,0,758.384615,61.230769,770.948718
01/31/2022 12:00:00 PM,01/31/2022 12:59:59 PM,64.950173,1.281579,205.555263,31.978947,0,757.721053,61.560526,743.118421
01/31/2022 01:00:00 PM,01/31/2022 01:59:59 PM,66.206464,1.247368,208.692105,31.536842,0,757.101316,61.242105,572.131579
01/31/2022 02:00:00 PM,01/31/2022 02:59:59 PM,68.869792,1.238462,219.728205,31.866667,0,756.421154,59.820513,599.653846
01/31/2022 03:00:00 PM,01/31/2022 03:59:59 PM,77.901867,0.95641,252.964103,31.858974,0,755.976923,60.005128,420.935897
01/31/2022 04:00:00 PM,01/31/2022 04:59:59 PM,85.322607,1.210526,285.263158,30.276316,0,755.875658,64.623684,132.057895
01/31/2022 05:00:00 PM,01/31/2022 05:59:59 PM,88.046987,1.510256,296.584615,28.607692,0,756.086539,68.161538,58.661538
01/31/2022 06:00:00 PM,01/31/2022 06:59:59 PM,85.886104,2.135897,307.948718,26.646154,0,756.703846,76.233333,0.979487
01/31/2022 07:00:00 PM,01/31/2022 07:59:59 PM,78.827798,2.192105,308.036842,26.184211,0,757.318421,78.026316,0
01/31/2022 08:00:00 PM,01/31/2022 08:59:59 PM,70.845593,2.007895,314.247368,25.902632,0,757.951974,78.855263,0
01/31/2022 09:00:00 PM,01/31/2022 09:59:59 PM,68.430655,1.605128,317.794872,25.620513,0,758.376923,81.015385,0
01/31/2022 10:00:00 PM,01/31/2022 10:59:59 PM,66.972726,1.546154,313.25641,25.44359,0,758.351923,81.661538,0
01/31/2022 11:00:00 PM,01/31/2022 11:59:59 PM,62.292557,0.921053,308.307895,25.3,0,757.969737,83.226316,0
